ItemNumber,ArrayOrder,DatasetArray,5oclock shadow.yes/no,5oclock shadow.% value,age.number,age.% value,arched eyebrows.yes/no,arched eyebrows.% value,attractive.yes/no,attractive.% value,bags under eyes.yes/no,bags under eyes.% value,bald.yes/no,bald.% value,bangs.yes/no,bangs.% value,beard.yes/no,beard.% value,big lips.yes/no,big lips.% value,big nose.yes/no,big nose.% value,black hair.yes/no,black hair.% value,blond hair.yes/no,blond hair.% value,blurry.yes/no,blurry.% value,brown hair.yes/no,brown hair.% value,bushy eyebrows.yes/no,bushy eyebrows.% value,chubby.yes/no,chubby.% value,double chin.yes/no,double chin.% value,expression.expression,expression.% value,gender.male/female,gender.% value,glasses.yes/no,glasses.% value,goatee.yes/no,goatee.% value,gray hair.yes/no,gray hair.% value,heavy makeup.yes/no,heavy makeup.% value,high cheekbones.yes/no,high cheekbones.% value,mouth open.yes/no,mouth open.% value,mustache.yes/no,mustache.% value,narrow eyes.yes/no,narrow eyes.% value,oval face.yes/no,oval face.% value,pale skin.yes/no,pale skin.% value,pitch,pointy nose.yes/no,pointy nose.% value,race,receding hairline.yes/no,receding hairline.% value,rosy cheeks.yes/no,rosy cheeks.% value,sideburns.yes/no,sideburns.% value,straight hair.yes/no,straight hair.% value,wavy hair.yes/no,wavy hair.% value,wearing earrings.yes/no,wearing earrings.% value,wearing hat.yes/no,wearing hat.% value,wearing lipstick.yes/no,wearing lipstick.% value,wearing necklace.yes/no,wearing necklace.% value,wearing necktie.yes/no,wearing necktie.% value,yaw,young.yes/no,young.% value,chin size,color eyes.color,color eyes.% value,color hair.color,color hair.% value,color skin.color,color skin.% value,eyebrows corners,eyebrows position,eyebrows size,eyes corners,eyes distance,eyes position,eyes shape,glasses rim,hair beard,hair color type.color,hair color type.% value,hair forehead,hair length,hair mustache,hair sides,hair top,head shape,head width,mouth corners,mouth height,mouth width,nose shape,nose width,teeth visible ,color clothes middle.color,color clothes middle.% value,color clothes sides.color,color clothes sides.% value,color beard.color,color beard.% value,color mustache.color,color mustache.% value,color background.color,color background.% value
1,1,D1A1,0,89,17,60,0,66,0,20,0,3,0,21,0,83,0,88,0,54,0,51,0,49,0,26,1,28,0,32,0,999,0,66,0,61,smile,999,female,54,0,999,0,99,0,55,0,89,1,84,1,96,0,999,1,6,1,61,0,4,-8.51,0,72,white,1,46,0,999,0,999,1,44,0,999,0,25,0,89,0,61,0,55,0,66,10.29,1,43,small,4b3823,80,584421,71,936546,999,average,low,extra thin,average,close,extra low,round,0,none,blond,71,0,none,none,very thin,average,heart,narrow,extra raised,thick,extra wide,extra straight,extra wide,0,f5f8fd,5,999,999,999,999,999,999,999,999
2,2,D1A1,0,999,36,60,1,14,1,58,0,93,0,45,0,999,0,999,0,46,0,72,0,92,1,7,0,86,1,8,0,999,0,71,0,64,smile,999,female,93,0,999,0,999,0,55,1,61,1,94,1,999,0,999,0,999,1,999,0,17,-8,0,18,white,1,36,1,22,0,999,1,32,0,75,1,65,0,999,1,79,0,13,0,75,7.34,1,25,extra small,6d685d,66,664a2b,84,a8826e,999,average,extra low,extra thin,average,far,extra low,round,0,none,blond,84,0,none,none,thin,short,rect,wide,extra raised,extra thick,extra wide,extra straight,extra wide,1,fdfef6,29,999,999,999,999,999,999,999,999
3,3,D1A1,0,999,16,60,0,57,1,19,0,999,0,56,0,67,0,999,0,83,0,999,0,64,0,27,0,32,1,44,0,999,0,86,0,89,smile,999,female,99,0,999,0,0,0,71,0,22,1,70,1,86,0,999,0,999,1,999,0,34,-9.07,0,35,white,1,12,0,36,0,999,1,97,0,999,1,16,0,999,1,23,0,33,0,83,2.34,1,40,small,5d4839,74,544127,88,9f7055,999,average,low,extra thin,average,average,average,extra round,0,none,blond,88,0,none,none,very thin,short,rect,narrow,extra raised,extra thick,wide,extra straight,wide,1,493529,1,999,999,999,999,999,999,999,999
4,4,D1A1,0,98,34+E5,60,1,21,0,0,0,69,0,26,0,999,0,97,0,27,0,41,0,1,0,72,0,66,0,26,0,73,0,46,0,63,smile,97,female,98,0,999,0,999,0,79,1,10,1,77,1,90,0,999,0,80,1,999,0,86,-9.04,0,42,white,1,88,0,17,0,999,1,70,0,999,1,74,0,96,1,36,0,15,0,87,3.64,1,71,large,614b43,62,543825,88,9c6b53,999,extra low,extra low,extra thin,average,close,low,extra round,0,none,brown light,88,0,none,none,very thin,very short,rect,extra narrow,extra raised,extra thick,extra wide,extra straight,average,1,3b2b22,1,999,999,999,999,999,999,999,999
5,5,D1A1,0,999,18,60,0,4,1,14,0,95,0,23,0,999,0,96,0,26,0,51,1,25,0,74,0,84,0,43,0,90,0,53,0,67,smile,72,female,97,0,999,0,98,0,79,1,22,1,50,1,999,0,999,0,999,1,999,0,52,-9.01,0,56,white,1,72,0,22,0,999,1,63,0,999,1,71,0,83,1,51,0,18,0,77,2.85,1,71,extra small,6d6761,75,4a3725,96,95694f,999,average,extra low,extra thin,average,average,low,extra round,0,none,blond,96,0,none,none,very thin,short,rect,wide,extra raised,extra thick,average,extra straight,extra narrow,1,2c221b,1,999,999,999,999,999,999,999,999
6,6,D1A1,0,16,41,60,0,60,0,10,0,44,0,16,0,97,0,37,0,54,0,36,0,90,0,58,0,53,1,47,0,999,0,63,0,48,smile,34,male,28,0,999,0,72,0,42,0,89,0,17,1,97,0,83,0,999,1,61,0,31,-8.81,0,44,white,1,84,0,91,0,78,1,12,0,95,0,23,0,999,0,73,0,70,0,25,-10.53,1,27,average,5f6065,36,816959,22,ac785e,999,average,extra low,extra thin,extra low,close,extra low,extra round,0,none,brown light,22,0,none,none,very thin,very short,average,narrow,extra raised,extra thick,average,extra straight,average,1,fcfcf4,13,999,999,999,999,999,999,fdf5fc,8
7,GT,D1A1,0,999,14,60,1,20,1,41,0,999,0,24,0,999,0,999,0,45,0,85,0,33,0,46,0,72,0,10,0,999,0,68,0,73,smile,85,female,97,0,999,0,999,0,71,1,64,1,66,1,75,0,999,0,999,1,999,0,30,-7.89,0,17,white,1,64,1,13,0,999,1,49,0,999,1,72,0,999,1,74,0,23,0,76,9.4,1,53,extra small,554c4f,83,563d2f,95,a37b68,999,average,extra low,extra thin,average,far,extra low,extra round,0,none,brown light,95,0,very short,none,thin,average,average,average,extra raised,average,small,extra straight,extra wide,1,df2ea,35,999,999,999,999,999,999,999,999
8,1,D1A2,0,96,16,60,1,26,1,64,0,999,0,48,0,999,0,88,0,36,0,999,0,73,1,33,0,999,0,2,0,82,0,92,0,999,smile,9,female,91,0,999,0,84,0,71,1,78,0,5,1,999,0,89,0,999,1,999,0,24,-9.5,1,16,white,1,7,1,13,0,78,1,999,0,999,0,9,0,999,1,95,0,18,0,67,5,1,80,extra small,48322d,57,654a33,75,c98e6c,999,low,low,extra thin,average,average,average,extra round,0,none,brown light,75,0,very long,none,average,short,average,average,extra raised,extra thick,small,extra straight,extra wide,1,796244,16,87714c,1,999,999,999,999,999,999
9,2,D1A2,0,95,19,60,0,4,1,7,0,999,0,42,0,999,0,98,0,29,0,80,0,65,0,42,0,69,1,53,0,999,0,78,0,84,smile,4,female,999,0,999,0,96,0,77,1,21,1,6,1,999,0,999,0,999,1,86,0,69,-9.23,0,28,white,1,65,0,23,0,999,1,50,0,999,1,51,0,999,1,54,0,5,0,90,0.95,1,59,extra small,372e1d,49,49351a,63,bf8a66,999,average,extra low,extra thin,average,average,average,extra round,0,none,blond,63,0,very long,none,average,short,rect,wide,extra raised,extra thick,average,extra straight,average,0,7a5c29,10,79633c,1,999,999,999,999,999,999
10,3,D1A2,0,93,17,60,1,25,1,999,0,999,0,73,0,31,0,92,0,52,0,999,0,71,1,25,0,999,0,3,0,25,0,999,0,999,smile,99,female,94,0,999,0,80,0,92,1,80,1,57,1,76,0,94,0,999,1,999,0,4,-9.33,0,6,white,0,59,1,25,0,86,1,999,0,999,1,7,0,999,1,89,0,22,0,68,-2.51,1,999,extra small,3e302a,54,6a482d,70,c68c6a,999,average,extra low,extra thin,average,far,extra low,extra round,0,none,brown light,70,0,very long,none,average,short,heart,average,extra raised,thick,wide,extra straight,extra wode,0,734f37,9,999,999,999,999,999,999,999,999
11,4,D1A2,0,999,36,60,0,32,0,27,0,56,0,47,0,999,0,999,0,30,0,28,0,43,0,73,0,52,1,68,0,75,0,30,0,64,smile,23,female,999,0,999,0,999,0,92,0,26,1,32,0,67,0,999,0,999,1,999,0,70,-9.24,0,999,white,1,11,0,72,0,999,1,76,0,94,0,24,0,96,1,25,0,6,0,88,1.95,1,69,extra small,3b291c,61,563a1f,68,a36b4b,999,average,extra low,extra thin,average,extra far,low,extra round,0,none,blond,68,0,very long,none,average,short,extra rect,narrow,average,thin,small,extra straight,average,0,694720,13,6d542a,2,999,999,999,999,999,999
12,5,D1A2,0,90,23,60,1,8,1,61,0,66,0,58,0,67,0,87,0,40,0,73,0,71,0,21,0,999,1,38,0,69,0,91,0,999,smile,91,female,97,0,999,0,78,0,90,1,60,1,78,1,89,0,93,0,85,1,999,0,64,-10.25,0,22,white,0,18,1,13,0,81,1,999,0,999,0,14,0,999,1,89,0,13,0,74,-0.4,1,88,extra large,2d2018,59,6.24E+35,62,ab7150,999,low,extra low,extra thin,average,average,extra low,extra round,0,none,blond,62,0,long,none,average,short,heart,narrow,extra raised,extra thick,extra wide,extra straight,wide,1,5e432f,8,999,999,999,999,999,999,999,999
13,6,D1A2,0,94,23,60,1,18,1,62,0,999,0,65,0,67,0,87,0,21,0,89,0,77,1,88,0,999,0,67,0,62,0,999,0,999,smile,2,female,94,0,999,0,75,0,60,1,50,0,31,1,97,0,84,0,999,1,999,1,13,-9.47,0,16,white,0,22,0,33,0,76,1,89,0,80,0,18,0,999,1,79,0,10,0,77,-0.38,1,97,extra small,331c14,50,775c38,68,af7653,999,raised,extra low,extra thin,average,far,average,extra round,0,none,blond,68,0,very long,none,average,short,heart,wide,extra raised,extra thick,average,extra straight,extra wide,1,7c6743,6,78623c,1,999,999,999,999,999,999
14,GT,D1A2,0,95,15,60,1,11,1,97,0,999,0,76,0,97,0,93,0,22,0,999,0,91,1,999,0,999,0,70,0,71,0,999,0,999,neutral,85,female,92,0,999,0,87,0,72,1,70,0,56,0,89,0,94,0,999,1,85,1,29,-8.85,1,22,white,0,32,0,31,0,89,1,84,0,62,0,51,0,999,1,89,0,22,0,66,0.42,1,999,extra small,302217,52,7e5e3e,54,bf8c6f,999,low,extra low,extra thin,average,extra far,low,extra round,0,none,blond,54,0,none,none,thin,short,average,average,raised,average,extra small,extra straight,extra wide,1,8f683b,7,999,999,999,999,999,999,999,999
15,1,D1A3,0,90,19,60,0,92,0,79,0,72,0,78,1,20,0,999,0,78,0,7,0,80,0,999,1,13,1,999,0,53,1,13,0,1,smile,19,male,19,1,999,0,999,0,42,0,74,1,9,0,98,0,91,0,78,1,66,0,66,-8.51,0,91,white,0,85,0,65,0,999,0,50,1,46,0,59,0,74,0,54,0,36,0,41,0.5,0,47,large,6f594a,71,2f1708,95,b48260,999,average,low,extra thin,average,average,average,extra round,0,none,brown,95,1,very long,none,thick,short,rect,extra narrow,raised,extra thin,average,extra straight,extra wide,0,c3ad8d,6,f2f9fa,1,999,999,999,999,999,999
16,2,D1A3,0,15,25,60,0,41,0,27,0,77,0,82,0,999,0,38,0,53,0,2,0,999,0,78,0,31,1,87,1,16,0,35,0,11,smile,32,male,54,1,999,0,78,0,43,0,86,0,41,1,999,0,60,0,42,1,19,0,54,-9.01,0,5,white,0,38,0,64,0,77,0,999,1,96,0,43,0,91,0,72,0,50,0,28,-1.16,0,7,extra large,999,999,41271b,82,c27668,999,low,extra low,extra thin,average,close,average,extra round,0,none,brown,82,1,average,none,average,short,extra heart,extra narrow,extra raised,average,extra small,straight,extra wide,1,f5fcfd,5,f7feff,1,999,999,999,999,999,999
17,3,D1A3,1,50,29,60,0,53,1,28,1,45,0,87,0,73,1,17,0,31,1,32,0,42,0,95,0,95,1,73,1,47,0,67,0,52,smile,999,male,80,0,999,0,344,0,999,0,999,1,55,1,999,0,36,0,32,1,40,0,70,-10.31,0,45,white,0,64,0,83,0,31,1,49,0,46,0,999,0,999,0,92,0,81,0,10,-0.94,1,70,large,4b3124,60,322015,88,ae7a5b,999,kow,high,extra thin,average,average,high,average,0,none,brown,88,0,very long,none,average,short,heart,extra narrow,extra rasied,extra thick,wide,extra straight,extra wide,1,1d120e,6,999,999,999,999,999,999,999,999
18,4,D1A3,0,89,22,60,0,91,1,16,0,81,0,94,1,88,0,98,0,67,0,79,0,93,0,999,0,84,1,999,0,3,0,73,0,999,neutral,82,female,10,0,999,0,999,0,89,0,59,0,73,0,91,0,98,0,999,1,999,0,19,-9.44,0,60,white,0,999,0,86,0,96,0,7,1,2,0,63,0,91,0,27,0,65,0,60,2.65,1,70,extra large,2f2019,66,2b1405,99,a77557,999,average,extra low,extra thin,average,average,low,extra round,0,none,brown,99,1,long,none,average,short,extra rect,narrow,low,thin,small,extra straight,narrow,0,ebe1d5,2,999,999,999,999,999,999,999,999
19,5,D1A3,0,55,14,60,0,999,0,23,0,77,0,999,1,80,0,82,0,53,0,42,0,47,0,999,0,26,1,73,1,10,0,72,0,91,neutral,51,male,72,0,999,0,999,0,999,0,99,0,81,1,97,0,86,0,49,1,40,0,4,-8.46,0,70,white,0,999,0,999,0,999,0,65,1,65,0,999,0,51,0,93,0,65,0,50,3.04,1,75,average,39251b,58,180803,92,a47657,999,average,extra low,extra thin,average,average,average,extra round,0,none,black,92,1,long,none,average,short,average,narrow,average,thck,extra small,extra straight,wide,1,cfb199,14,999,999,999,999,999,999,999,999
20,6,D1A3,1,62,32,60,0,64,1,3,0,14,0,999,1,70,1,33,0,39,1,3,0,58,0,999,0,999,1,70,1,999,0,82,0,999,neutral,96,male,999,0,999,0,11,0,999,0,999,0,88,0,92,0,9,0,57,1,28,0,48,-9.82,0,16,white,0,999,0,77,0,4,0,51,1,55,0,85,0,71,0,999,0,87,0,11,-6.43,1,79,extra small,63443b,53,382117,90,bf6d58,999,low,extra low,extra thin,extra low,average,extra low,round,0,none,brown,90,1,average,none,average,short,rect,average,extra low,average,extra small,extra straight,extra wide,0,fdfef6,23,999,999,999,999,999,999,999,999
21,GT,D1A3,1,78,24,60,0,57,1,21,0,52,0,999,0,27,1,61,0,60,0,22,0,96,0,89,0,89,1,999,1,78,0,83,0,93,neutral,71,male,999,0,999,1,12,0,999,0,999,0,95,0,65,1,4,0,88,1,49,0,62,-9.41,0,14,white,0,999,0,80,80,17,0,84,1,76,0,82,0,77,0,999,0,86,0,18,0.97,1,68,extra small,4d2e26,46,4a3324,89,ce8f6b,999,average,average,extra thin,low,average,average,extra round,0,none,brown light,89,1,short,none,thin,short,extra rect,average,average,average,extra small,extra straight,narrow,0,fcfdf5,27,999,999,999,999,999,999,999,999
22,1,D1A4,1,4,38,60,0,30,0,73,1,54,1,33,0,999,1,27,1,16,1,70,1,64,0,999,0,60,0,999,1,53,1,62,1,38,smile,63,male,94,0,999,1,3,0,52,0,999,1,78,0,92,1,12,0,46,1,77,0,999,-9.63,0,96,white,1,75,0,90,0,27,0,28,0,999,0,42,0,47,0,999,0,92,1,29,4.53,1,5,small,352a29,94,463731,43,a16454,999,low,extra low,extra thin,average,close,high,extra round,0,thick,brown,43,0,none,thick,very thin,very short,extra rect,extra narrow,average,thin,small,extra straight,extra wide,0,6c4935,15,999,999,634a3c,91,5f342a,82,999,999
23,2,D1A4,0,24,38,60,0,97,0,61,0,1,0,59,0,999,0,60,0,73,0,17,1,80,0,98,0,27,0,79,0,8,1,4,0,34,neutral,93,male,89,0,999,0,97,0,68,0,86,0,61,0,83,0,64,0,48,1,40,0,77,-10.29,0,999,white,0,18,0,999,0,999,1,89,0,999,0,87,0,82,0,93,0,999,1,43,-2.15,1,13,extra large,45352c,89,352a21,92,a1694c,999,low,low,extra thin,extra low,close,average,round,0,none,brown,92,0,none,none,very thin,short,extra rect,narrow,extra low,extra thin,small,extra straight,wide,0,fdfef6,27,999,999,999,999,999,999,999,999
24,3,D1A4,1,24,38,60,0,99,0,72,1,11,0,20,0,94,0,9,0,58,0,7,0,62,0,85,0,69,1,6,0,41,0,21,0,48,neutral,999,male,99,0,999,0,55,0,36,0,999,0,74,0,80,0,46,0,999,1,38,0,69,-10.35,0,85,white,1,19,0,98,0,63,1,25,0,999,0,71,0,79,0,999,0,999,1,17,-1.85,1,4,extra large,362820,80,54483a,68,9b6749,999,average,extra high,extra thin,low,average,extra high,extra round,0,none,blond,68,0,none,none,very thin,short,extra rect,extra narrow,extra low,average,extra small,extra straight,extra wide,0,fef7f1,40,999,999,999,999,999,999,999,999
25,4,D1A4,1,15,43,60,0,58,0,74,0,4,0,11,0,89,1,22,0,12,1,27,1,86,0,999,0,55,0,999,1,4,1,16,0,18,neutral,80,male,999,0,999,0,16,0,68,0,92,0,53,0,83,0,2,0,999,1,54,0,80,-8.99,0,92,white,1,35,0,97,0,38,1,21,0,999,0,68,0,76,0,95,0,96,1,26,5.54,1,7,extra large,523f35,91,392925,60,996447,999,average,extra high,extra thin,average,average,extra high,average,0,none,brown,60,0,none,none,very thin,short,rect,extra narrow,average,average,small,extra straight,wide,0,592e1e,5,999,999,999,999,999,999,999,999
26,5,D1A4,1,59,28,60,0,46,0,9,1,72,0,43,0,95,1,74,0,5,1,70,1,999,0,999,0,69,0,999,1,40,1,18,1,21,smile,999,male,94,0,999,1,36,0,78,0,93,1,69,0,26,1,41,0,0,1,28,0,91,-8.72,0,53,white,0,10,0,82,1,29,1,18,0,73,0,82,0,83,0,93,0,91,1,39,-9.79,0,3,extra small,62433b,57,594133,22,ba6d4d,999,average,high,extra thin,average,extra far,extra low,average,0,thick,brown light,22,0,none,none,very thin,short,heart,narrow,extra raised,average,small,extra straight,extra wide,0,999,999,999,999,7a5644,63,999,999,999,999
27,6,D1A4,0,14,44,60,0,45,0,86,1,27,1,2,0,999,0,15,0,26,1,37,1,71,0,999,0,61,0,999,1,85,1,58,1,21,neutral,52,male,999,0,999,0,46,0,42,0,93,0,23,0,999,0,8,0,29,1,49,0,89,-9.41,0,999,white,1,23,0,999,0,69,1,30,0,999,0,69,0,46,0,999,0,999,0,61,2.59,0,7,extra large,48362f,94,33322e,95,96594d,999,low,average,extra thin,extra low,average,high,thin,0,none,black,95,0,none,none,very thin,very short,extra rect,average,extra low,extra thin,small,extra straight,extra narrow,0,fefbf6,29,999,999,999,999,999,999,999,999
30,GT,D1A4,1,38,44,60,0,69,0,77,1,0,0,3,0,999,1,33,0,77,1,9,1,50,0,999,0,43,0,92,0,0,1,28,1,10,neutral,85,male,999,0,999,0,7,0,23,0,94,0,74,0,98,1,13,0,61,1,20,0,999,-8.99,0,23,white,1,34,0,81,0,13,1,41,0,999,0,92,0,999,0,99,0,999,1,80,3.59,0,58,extra small,623734,93,44291f,94,9a604e,999,average,extra low,extra thin,low,close,average,extra round,0,none,brown,94,0,none,none,very thin,short,extra rect,average,average,thin,extra small,extra straight,extra wide,0,999,999,999,999,999,999,999,999,999,999
31,1,D1A5,0,68,25,60,1,7,0,71,1,6,0,6,0,999,0,46,1,59,1,61,1,96,0,999,0,41,0,90,0,4,1,26,1,2,smile,99,female,43,0,999,0,49,0,95,0,63,1,999,1,999,0,54,0,93,1,99,0,999,-9.45,0,999,black,1,89,0,72,0,90,0,21,0,75,1,33,0,59,0,30,0,5,0,77,-2.81,1,71,extra large,302b2c,85,151517,73,603e2e,999,low,extra low,extra thin,average,average,extra low,round,0,none,black,73,0,very long,none,average,short,extra rect,extra narrow,raised,extra thick,wide,extra straight,narrow,1,141215,18,131315,2,999,999,999,999,999,999
32,2,D1A5,0,999,15,60,1,30,0,63,0,37,0,30,0,84,0,73,1,77,1,44,1,51,0,82,0,58,0,15,0,52,0,10,0,40,smile,22,female,91,0,999,0,68,0,98,0,6,1,33,1,81,0,74,0,99,1,63,0,67,-8.9,0,999,black,1,62,0,75,0,96,1,25,0,55,1,34,0,96,1,35,1,28,0,999,2.38,1,88,extra small,625a58,55,171213,74,5a4024,999,average,extra low,extra thin,average,far,extra low,extra round,0,none,black,74,0,very long,none,average,short,average,narrow,extra raised,extra thick,small,extra straight,wide,1,221816,15,201611,2,999,999,999,999,999,999
33,3,D1A5,0,84,15,60,1,73,0,79,1,20,0,9,0,999,0,43,1,999,1,999,1,999,0,999,0,43,0,96,1,10,1,52,1,25,smile,95,female,61,0,999,0,34,0,92,0,4,1,999,1,95,0,39,0,8,1,61,0,999,-8.87,0,999,black,1,999,0,54,0,75,0,60,0,25,1,69,0,56,1,20,1,28,0,84,1.86,1,60,large,46453f,50,131011,98,4c2f25,999,low,extra low,extra thin,average,average,extra low,extra round,0,none,black,98,0,very long,none,average,short,rect,average,extra raised,extra thick,wide,extra straight,extra narrow,1,120f10,7,999,999,999,999,999,999,999,999
34,4,D1A5,0,86,16,60,1,5,0,80,0,58,1,7,0,999,0,43,1,64,1,20,1,76,0,89,0,30,0,80,0,37,1,0,0,33,smile,40,female,55,0,999,0,42,0,99,0,43,1,50,1,90,0,50,0,80,1,91,0,66,-9.17,0,999,black,1,999,0,91,0,83,0,12,0,98,1,53,0,63,0,16,0,13,0,90,-1.2,1,82,average,51514d,56,1b1819,98,543727,543727,average,extra low,extra thin,average,average,low,extra round,0,none,black,98,0,short,none,thin,short,extra rect,extra narrow,extra raised,extra thick,extra small,extra straight,narrow,1,130d09,2,999,999,999,999,999,999,999,999
35,5,D1A5,0,89,38,60,1,7,0,63,1,0,0,22,0,98,0,52,1,70,1,45,1,999,0,999,0,37,0,97,1,10,1,15,0,23,smile,81,female,58,0,999,0,50,0,999,0,52,1,85,1,78,0,55,0,30,1,77,0,72,-9.7,0,999,black,1,58,0,999,0,90,1,9,0,89,1,34,0,48,0,21,0,7,0,85,4.27,1,95,extra large,292a26,84,121414,79,583b2b,999,average,extra low,extra thin,average,average,extra low,extra round,0,none,black,79,1,very short,none,thin,very short,extra rect,extra narrow,extra raised,extra thick,average,extra straight,narrow,0,a7a29e,2,999,999,999,999,999,999,999,999
36,6,D1A5,0,73,23,60,1,91,0,87,1,16,0,10,0,87,0,50,1,999,1,999,1,999,0,999,0,69,0,999,0,7,1,49,1,26,smile,95,female,66,0,999,0,40,0,88,1,20,1,999,1,99,0,44,0,26,1,48,0,999,-8.98,0,999,black,1,999,0,18,0,79,0,26,0,51,1,89,0,59,1,46,1,44,0,84,2.59,1,48,average,1a2224,38,171312,85,6b422b,999,average,extra low,extra thin,average,average,high,extra round,0,none,black,85,1,very long,none,average,very short,extra rect,extra narrow,extra raised,extra thick,wide,extra straight,extra wide,1,181614,13,100f09,1,999,999,999,999,999,999
37,GT,D1A5,0,67,31,60,0,51,0,98,0,65,0,26,0,60,0,3,1,54,1,19,1,999,0,92,1,12,0,87,0,27,1,3,0,41,neutral,27,male,9,0,999,0,12,0,999,0,78,1,21,1,38,0,6,0,89,1,74,0,63,-8.78,0,999,black,1,20,0,999,0,46,0,3,0,61,0,30,0,73,0,63,0,38,0,90,-3.36,1,70,average,4e4e45,69,161918,81,52382b,999,average,extra low,extra thin,average,far,extra low,extra round,0,none,black,81,0,none,none,thin,very short,extra rect,extra narrow,average,extra thick,extra small,extra straight,extra narrow,0,181816,9,999,999,999,999,999,999,999,999
38,1,D1A6,0,63,24,60,0,78,0,85,0,74,0,53,0,999,0,55,0,24,1,7,1,999,0,999,1,32,0,77,0,12,1,23,0,27,neutral,91,male,44,1,999,0,72,0,88,0,98,0,58,0,999,0,47,0,48,1,24,0,76,-9.14,0,999,white,1,3,0,999,0,99,1,20,0,49,0,62,0,58,0,95,0,62,0,43,-5.88,1,25,small,392d25,999,1f1e18,93,8d5b42,999,average,extra low,extra thin,average,average,extra low,extra round,0,none,brown,93,0,very long,none,average,short,extra rect,average,average,average,extra small,extra straight,wide,0,1f1914,13,999,999,999,999,999,999,999,999
39,2,D1A6,0,72,34,60,0,30,1,28,0,28,0,98,0,999,0,999,0,45,0,40,1,91,0,999,0,83,0,64,1,53,0,61,0,92,neutral,999,male,19,0,999,0,999,0,999,0,80,0,81,0,999,0,999,0,51,1,46,1,2,-10.38,0,78,white,0,24,0,999,0,999,1,64,0,74,0,43,0,999,0,57,0,89,0,9,-1.55,1,96,extra small,5c4c42,58,26201b,87,b27d60,999,average,average,extra thin,average,average,high,extra round,0,none,brown,87,0,long,none,thick,short,average,extra narrow,average,thin,extra small,extra straight,extra wide,0,fdfef6,35,999,999,999,999,999,999,999,999
40,3,D1A6,0,999,31,60,0,44,1,9,0,999,0,77,0,83,0,999,0,70,0,999,1,39,0,999,0,55,0,10,0,2,0,77,0,999,neutral,87,female,58,0,999,0,999,0,999,0,53,0,84,0,999,0,999,0,999,1,999,0,27,-9.29,0,45,white,0,26,0,99,0,999,1,86,0,999,0,43,0,999,0,17,0,61,0,62,4.44,1,93,extra small,5f4847,69,34322b,999,9d715d,999,average,extra low,extra thin,average,average,high,extra round,0,none,black,999,0,very long,none,average,short,rect,average,raised,average,extra small,extra straight,extra wide,0,392f28,14,2c2420,1,999,999,999,999,999,999
41,4,D1A6,0,88,44,60,0,14,0,68,1,36,0,6,0,92,0,51,1,18,1,37,1,999,0,999,0,13,0,94,1,4,1,57,1,7,smile,65,female,11,0,999,0,53,0,97,0,73,1,999,0,70,0,48,0,0,1,999,0,999,-9.66,0,999,white,1,58,0,92,0,90,1,10,0,999,1,16,0,64,0,60,0,50,0,38,-3.48,1,48,extra small,2e2523,81,22221c,999,8b5639,999,average,extra low,extra thin,average,extra far,extra low,thin,0,none,black,999,0,none,none,thin,very short,extra rect,narrow,average,average,wide,extra straight,average,0,999,999,999,999,999,999,999,999,999,999
42,5,D1A6,0,999,16,60,1,4,1,93,0,25,0,999,0,999,0,999,0,18,0,57,0,0,0,999,0,91,1,27,1,26,0,97,0,999,smile,999,female,91,0,999,0,96,0,999,1,78,1,999,1,93,0,999,0,40,1,94,0,38,-8.85,0,10,white,0,52,0,10,0,96,0,1,1,31,0,45,0,999,1,92,0,26,0,95,-1.94,1,999,extra small,383328,58,38281f,999,ad8868,999,average,extra low,extra thin,average,extra far,extra low,round,0,none,brown,999,0,long,none,average,short,rect,wide,extra raised,average,wide,extra straight,extra wide,1,fcfdf5,47,999,999,999,999,999,999,999,999
43,6,D1A6,0,52,18,60,0,64,1,15,0,56,0,82,0,75,0,74,0,35,0,47,1,999,0,86,0,63,0,87,0,4,0,74,0,999,neutral,78,male,9,0,999,0,97,0,999,0,83,0,61,0,92,0,92,0,999,1,69,0,28,-10.14,0,87,hispanic,0,18,0,999,0,999,1,85,0,999,0,48,0,90,0,60,0,73,0,39,1.16,1,999,extra small,3f2d23,56,282624,88,b58263,999,low,extra low,extra thin,average,far,low,extra round,0,none,black,88,0,none,none,thin,short,rect,average,extra raised,average,extra small,extra straight,extra wide,0,fdfef6,40,999,999,999,999,999,999,999,999
44,GT,D1A6,0,76,18,60,1,1,1,19,0,77,0,69,0,82,0,87,0,11,0,39,1,89,0,999,0,999,0,74,1,67,0,67,0,999,neutral,91,female,27,0,999,0,94,0,999,0,46,0,87,0,999,0,95,0,999,1,76,0,26,-9.16,0,51,white,0,5,0,999,0,999,1,93,0,999,0,23,0,89,0,23,0,48,0,52,6.65,1,999,extra small,3c2d24,56,27261e,86,a0745b,999,extra low,extra low,extra thin,average,average,extra low,extra round,0,none,brown,86,0,very long,none,average,short,rect,average,low,thin,extra small,extra straight,extra wide,0,453729,8,999,999,999,999,999,999,999,999
45,1,D1A7,0,59,18,60,0,34,0,24,1,14,0,35,0,999,0,80,0,5,1,14,1,98,0,999,0,86,0,999,1,35,0,13,0,45,neutral,81,male,39,0,999,0,999,0,84,0,93,0,30,0,999,0,85,0,98,1,61,0,43,-9.71,0,98,white,1,57,0,999,0,999,1,17,0,999,0,18,0,94,0,79,0,87,0,1,-4.34,1,63,extra small,302927,86,3c2e26,27,89573b,999,average,extra low,extra thin,average,average,low,extra round,0,none,brown,27,0,none,none,very thin,short,rect,extra narrow,average,thin,small,extra straight,wide,0,f7feff,45,999,999,999,999,999,999,999,999
46,2,D1A7,0,92,23,60,0,36,1,25,0,25,0,57,0,77,0,999,0,41,0,20,1,83,0,999,0,95,0,67,1,7,0,34,0,47,smile,999,female,32,0,999,0,999,0,999,0,43,1,84,1,96,0,999,0,90,1,999,0,45,-10.16,0,93,asian,1,14,0,63,0,999,1,88,0,999,1,16,0,95,0,20,0,55,0,31,-3.29,1,82,extra small,342418,58,1a1009,999,996d46,999,average,extra low,extra thin,average,average,low,extra round,0,none,black,999,0,none,none,very thin,short,rect,average,extra raised,thick,wide,extra straight,average,0,fef2e6,26,999,999,999,999,999,999,999,999
47,3,D1A7,0,999,20,60,1,19,0,9,0,39,0,58,0,84,0,999,0,4,0,37,1,999,0,98,0,55,0,999,0,2,0,30,0,76,neutral,94,female,92,0,999,0,999,0,97,0,3,0,38,0,999,0,96,0,49,1,70,0,43,-9.71,0,91,hispanic,1,34,0,999,0,999,1,37,0,83,1,35,0,999,1,28,0,36,0,72,3.22,1,77,extra small,35302c,82,161815,92,85523c,999,average,extra low,extra thin,average,average,extra low,extra round,0,none,black,92,0,none,none,very thin,short,average,average,average,average,small,extra straight,wide,0,fde9dd,28,999,999,999,999,999,999,999,999
48,4,D1A7,0,999,15,60,0,1,1,55,0,46,0,77,0,60,0,999,0,50,0,77,1,91,0,95,0,89,0,75,1,20,0,71,0,999,neutral,71,female,88,0,999,0,999,0,999,1,12,0,44,0,999,0,999,0,78,1,999,0,8,-9.67,0,72,white,0,19,0,999,0,999,1,79,0,92,0,3,0,999,1,41,0,56,0,59,2.94,1,999,extra small,402f27,53,26201b,86,b07b5c,999,average,extra low,extra thin,average,far,extra low,extra round,0,none,brown,86,0,none,none,very thin,average,average,wide,extra raised,thin,extra small,extra straight,extra wide,0,fdf7ed,33,999,999,999,999,999,999,999,999
49,5,D1A7,0,93,14,60,1,79,0,46,0,9,0,16,0,999,0,61,1,66,1,45,1,999,0,999,0,80,0,999,1,19,1,10,0,39,neutral,46,female,75,0,999,0,53,0,95,1,22,1,10,0,90,0,54,0,41,1,62,0,95,-9.42,0,90,hispanic,1,999,0,61,0,80,1,20,0,94,1,74,0,97,1,37,0,2,0,75,0.57,1,79,extra small,26231f,89,29241d,87,804d34,999,average,extra low,extra thin,average,far,extra low,extra round,0,none,brown,87,0,none,none,very thin,short,extra rect,wide,extra raised,average,small,extra straight,extra wide,0,fdfef6,42,999,999,999,999,999,999,999,999
50,6,D1A7,0,999,14,60,1,7,0,31,0,37,0,61,0,86,0,999,0,1,0,42,1,96,0,999,0,68,0,72,1,20,0,32,0,84,neutral,98,female,87,0,999,0,999,0,999,0,4,0,30,0,81,0,99,0,42,1,63,0,75,-9.73,0,82,white,1,13,0,87,0,999,1,61,0,999,1,37,0,72,1,21,0,36,0,82,-0.86,1,88,small,201e1a,83,171916,86,88583f,999,average,extra low,extra thin,average,average,average,extra round,0,none,black,86,0,none,none,very thin,very short,extra rect,extra narrow,low,average,extra small,extra straight,average,0,fdf1e7,30,999,999,999,999,999,999,999,999
51,GT,D1A7,0,999,17,60,0,20,1,7,0,99,0,65,0,80,0,999,0,34,0,80,1,999,0,92,0,34,0,999,0,53,0,62,0,97,neutral,89,female,79,0,999,0,999,0,999,0,34,0,66,0,93,0,999,0,999,1,76,0,16,-9.5,0,66,white,1,17,0,999,0,999,1,41,0,999,1,13,0,85,1,2,0,41,0,73,0.45,1,79,extra small,534939,82,232016,95,876044,876044,average,low,extra thin,average,far,low,extra round,0,none,brown,95,0,none,none,very thin,short,extra rect,extra wide,raised,average,extra small,extra straight,average,0,fef6ee,27,999,999,999,999,999,999,999,999
52,1,D1A8,0,999,19,60,0,7,1,10,0,51,0,67,0,82,0,999,0,40,0,66,1,90,0,98,0,49,0,60,0,48,0,54,0,96,neutral,88,female,90,0,999,0,999,0,999,0,27,0,57,0,93,0,999,0,87,1,96,0,33,-10.17,0,999,hispanic,1,14,0,999,0,999,1,88,0,999,0,20,0,999,1,14,0,39,0,65,1.44,1,88,extra small,2f2619,54,26241e,95,b4754b,999,average,extra low,extra thin,average,extra far,extra low,extra round,0,none,brown,95,0,none,none,thin,short,rect,wide,average,thin,small,extra straight,extra wide,0,362b1d,22,171511,2,999,999,999,999,999,999
53,2,D1A8,0,999,25,60,0,2,1,19,0,65,0,90,0,80,0,999,0,23,0,59,1,94,0,999,0,91,0,74,1,61,0,73,0,999,neutral,999,female,70,0,999,0,999,0,999,0,24,0,73,0,999,0,999,0,999,1,73,0,50,-9.65,0,52,white,0,21,0,95,0,999,1,74,0,999,0,2,0,999,1,9,0,29,0,75,3.44,1,999,extra small,55473d,74,27261f,77,a8704f,999,average,extra low,extra thin,average,average,average,extra round,0,none,brown,77,0,none,none,average,short,heart,narrow,raised,thin,extra small,extra straight,extra wide,0,6f472d,12,999,999,999,999,999,999,999,999
54,3,D1A8,0,93,29,60,0,62,0,81,0,34,0,60,0,63,0,999,0,58,1,13,1,999,0,999,1,1,0,68,0,21,1,28,1,15,smile,999,female,9,1,999,0,999,0,63,0,77,1,98,1,92,0,999,0,46,1,80,0,999,-9.3,0,82,white,0,8,0,51,0,999,1,50,0,80,0,15,0,85,0,51,0,32,0,29,7.08,0,13,extra small,4f3926,75,261910,76,ad7352,999,extra low,extra low,extra thin,raised,average,extra low,extra round,0,none,brown,76,0,very long,none,thin,short,heart,extra narrow,extra raised,extra thick,average,extra straight,extra wide,1,261b12,14,999,999,999,999,999,999,999,999
55,4,D1A8,0,999,26,60,1,27,1,9,0,15,0,75,0,84,0,999,0,6,0,36,1,999,0,97,0,70,0,90,1,21,0,46,0,95,neutral,89,female,93,0,999,0,98,0,999,0,4,0,41,0,999,0,96,0,52,1,63,0,53,-9.39,0,86,hispanic,0,2,0,999,0,999,1,62,0,90,1,18,0,91,1,30,0,20,0,89,3.07,1,999,extra small,5b4743,50,191b1b,92,a97251,999,average,extra low,thin,average,far,extra low,extra round,0,none,black,92,0,average,none,average,short,rect,extra wide,low,average,extra small,extra straight,average,0,4b3a30,5,999,999,999,999,999,999,999,999
56,5,D1A8,0,999,23,60,1,11,1,35,0,71,0,76,0,999,0,999,0,32,0,50,1,47,0,999,0,84,0,16,1,9,0,64,0,85,smile,96,female,999,0,999,0,999,0,999,1,48,1,86,1,82,0,999,0,67,1,999,0,999,-9.77,0,26,white,0,7,1,6,0,999,1,98,0,999,1,12,0,90,1,73,0,6,0,95,6.17,1,999,extra large,45352a,65,332013,89,a36d4e,999,average,extra low,extra thin,low,average,extra low,extra round,0,none,brown,89,1,very long,none,average,short,rect,narrow,extra raised,extra thick,extra wide,extra straight,extra narrow,1,3c2215,16,26150b,2,999,999,999,999,999,999
57,6,D1A8,0,99,25,60,0,17,1,43,0,52,0,88,0,75,0,999,0,32,0,51,1,999,0,999,0,98,0,80,1,58,0,68,0,999,neutral,92,female,49,0,999,0,999,0,999,0,24,0,72,0,93,0,98,0,92,1,89,0,14,-9.66,0,82,white,0,31,0,999,0,999,1,999,0,999,0,38,0,999,1,1,0,60,0,55,0.74,1,999,extra small,3f2f27,73,3d352c,90,b98064,999,average,extra low,extra thin,average,average,extra low,extra round,0,none,brown,90,0,very long,none,average,short,average,average,extra raised,average,extra small,extra straight,wide,0,3.32E+30,17,999,999,999,999,999,999,999,999
58,GT,D1A8,0,999,19,60,0,36,0,1,0,88,0,79,0,66,0,999,0,39,0,89,1,61,0,86,0,20,0,33,0,72,0,76,0,999,neutral,84,female,94,0,999,0,999,0,999,0,41,0,62,0,89,0,999,0,999,1,76,0,44,-7.91,0,73,white,0,11,0,999,0,999,1,81,0,999,0,19,0,999,1,2,0,25,0,92,-15.35,1,84,extra small,372621,65,3e332c,82,9e6a52,999,average,average,extra thin,low,extra far,extra low,extra round,0,none,brown,82,0,long,none,thin,short,extra rect,extra wide,extra raised,extra thin,extra small,extra straight,extra wide,0,faeee4,15,999,999,999,999,999,999,999,999
59,1,D1A9,1,43,23,60,0,44,0,10,0,65,0,61,0,95,1,29,0,32,0,28,1,999,0,999,0,999,0,999,1,999,0,42,0,74,neutral,79,male,999,0,999,0,10,0,999,0,88,0,82,0,98,0,2,0,999,1,71,0,65,-9.17,0,52,white,0,32,0,93,0,25,1,62,0,999,0,66,0,72,0,97,0,999,1,31,5.65,1,82,extra large,3a251d,62,161717,76,764738,764738,extra low,low,extra thin,low,close,high,extra round,0,none,black,76,0,none,none,very thin,very short,extra rect,average,extra low,average,extra small,extra straight,extra narrow,0,fbf6f0,16,999,999,999,999,999,999,999,999
60,2,D1A9,1,18,25,60,0,2,0,13,1,26,0,66,0,70,1,5,1,40,1,85,1,999,0,999,0,999,0,999,1,999,1,24,1,9,smile,78,male,999,0,999,0,22,0,999,0,97,1,57,0,86,0,4,0,63,1,72,0,78,-10.28,0,999,asian,0,37,0,86,0,43,1,28,0,79,0,46,0,46,0,94,0,66,1,18,0.41,1,70,extra small,52432e,38,1f1d16,999,a17154,999,average,extra low,thin,extra low,extra far,extra low,round,0,none,brown,999,0,none,none,very thin,short,extra rect,extra narrow,extra raised,thin,wide,extra straight,wide,0,999,999,999,999,999,999,999,999,999,999
61,3,D1A9,1,16,21,60,0,38,0,28,0,5,0,90,0,999,0,3,1,1,1,6,1,999,0,999,0,91,0,79,1,999,0,36,0,85,neutral,999,male,90,0,999,0,30,0,999,0,96,0,68,0,92,0,18,0,60,1,46,0,79,-10.27,0,999,hispanic,0,47,0,999,0,45,1,68,0,999,0,60,0,74,0,99,0,94,0,9,-0.73,1,999,large,3b261c,58,181615,97,c08666,999,average,extra low,extra thin,low,average,average,extra round,0,none,black,97,0,none,none,very thin,short,extra rect,extra narrow,average,average,extra small,extra straight,narrow,0,fff8f2,41,999,999,999,999,999,999,999,999
62,4,D1A9,1,53,30,60,0,37,0,14,0,8,0,78,0,999,1,67,1,1,1,4,1,999,0,999,0,83,0,83,1,999,0,39,0,92,neutral,999,male,999,0,999,1,40,0,999,0,96,0,80,0,999,1,38,0,42,1,23,0,76,-9.96,0,89,white,0,54,0,999,1,29,1,60,0,999,0,64,0,64,0,98,0,95,1,1,-1.24,1,99,average,6b5041,56,1b1610,79,b78264,999,average,average,extra thin,average,average,low,average,0,thick,black,79,0,none,none,very thin,short,extra rect,narrow,average,average,extra small,extra straight,extra wide,0,fcf0e7,19,999,999,725745,55,999,999,999,999
63,5,D1A9,1,77,42,60,0,43,0,34,0,15,0,42,0,999,1,999,1,10,1,24,1,97,0,999,0,999,0,999,1,999,0,19,0,67,neutral,999,male,999,0,999,1,82,0,999,0,96,0,76,0,93,1,74,0,999,1,33,0,999,-10.41,0,51,white,0,25,0,94,1,70,1,16,0,999,0,56,0,49,0,999,0,88,1,6,-0.25,1,61,large,433028,75,463529,79,ba7f64,999,low,average,extra thin,average,average,extra high,extra round,0,thick,brown,79,0,none,thick,very thin,very short,average,extra narrow,low,thick,extra small,extra straight,extra wide,0,815439,19,999,999,704e3a,71,795238,61,999,999
64,6,D1A9,1,56,24,60,0,18,0,8,1,11,0,69,0,999,1,75,1,39,1,43,1,999,0,999,0,999,0,999,1,999,0,26,0,68,neutral,999,male,94,0,999,1,54,0,999,0,91,0,75,0,76,1,56,0,92,1,29,0,76,-10.35,0,71,white,0,42,0,999,1,44,1,44,0,94,0,58,0,76,0,92,0,74,1,12,-1.43,1,93,extra small,3a261f,61,2.91E+20,97,af7d61,999,average,extra low,extra thin,low,average,low,extra round,0,thick,brown,97,0,none,none,very thin,short,extra rect,average,low,average,extra small,extra straight,extra wide,0,fef4ee,42,999,999,6e5746,64,999,999,999,999
65,GT,D1A9,1,68,15,60,0,29,0,7,0,44,0,66,0,91,1,73,0,9,0,3,1,94,0,999,0,94,0,88,1,999,0,46,0,90,neutral,83,male,999,0,999,1,45,0,999,0,92,0,77,0,999,1,35,0,97,1,57,0,74,-10.08,0,66,white,0,50,0,999,1,31,1,43,0,999,0,68,0,44,0,999,0,96,0,4,-2.88,1,999,average,4a352d,63,40203,57,81553c,999,extra low,extra low,extra thin,extra low,average,average,extra round,0,none,black,57,0,none,none,very thin,very short,extra rect,extra narrow,low,extra thin,extra small,extra straight,wide,0,fcfdf5,30,999,999,999,999,999,999,999,999
66,1,D1A10,0,999,18,60,1,45,1,85,0,999,0,82,0,999,0,91,0,10,0,70,0,2,0,999,0,999,1,27,1,21,0,75,0,85,smile,999,female,999,0,999,0,81,0,999,1,999,1,83,1,999,0,86,0,84,1,999,0,65,-9.17,1,16,white,0,9,1,42,0,80,0,23,1,42,1,15,0,999,1,999,0,9,0,92,-0.31,1,999,small,432d1c,56,311b0b,79,b5744b,999,average,extra low,extra thin,extra low,average,extra low,extra round,0,none,brown,79,0,very long,none,average,short,average,narrow,extra raised,extra thick,average,extra straight,wide,0,220f05,7,999,999,999,999,999,999,999,999
67,2,D1A10,0,93,19,60,1,0,1,8,1,15,0,95,0,999,0,999,0,31,1,17,1,26,0,999,0,28,0,30,1,33,0,24,0,12,smile,999,female,54,1,999,0,999,0,79,0,46,1,93,1,999,0,999,1,17,1,42,0,57,-9.3,0,44,white,0,25,0,58,0,999,0,65,1,48,1,8,0,79,0,3,0,20,0,61,-0.82,1,16,extra small,614f3f,51,24140a,74,be8666,999,average,extra low,extra thin,low,average,extra low,extra round,0,none,brown,74,0,long,none,average,average,rect,narrow,extra raised,extra thick,average,extra straight,extra wide,1,fbf3eb,20,999,999,999,999,999,999,999,999
68,3,D1A10,0,999,32,60,1,36,0,71,0,89,0,81,0,999,0,95,0,27,0,65,1,59,0,999,1,41,0,29,0,59,0,33,0,66,neutral,97,female,999,0,999,0,94,0,999,0,47,0,64,0,80,0,97,0,24,1,36,0,999,-9.31,0,52,white,1,30,0,84,0,999,0,31,1,1,1,26,0,95,0,2,1,9,0,999,1.6,1,37,extra large,574636,51,100602,84,926044,926044,average,extra low,extra thin,extra low,far,extra low,extra round,0,none,black,84,0,very long,none,average,short,extra rect,narrow,extra low,thin,extra small,extra straight,extra narrow,0,402513,9,999,999,999,999,999,999,595a52,0
69,4,D1A10,0,999,31,60,0,38,0,22,0,1,0,77,0,97,0,999,0,67,0,28,1,41,0,999,1,5,0,20,0,58,0,29,0,40,smile,88,female,98,0,999,0,999,0,83,0,52,1,999,1,87,0,999,0,86,1,93,0,999,-9.45,0,56,white,0,0,0,39,0,999,1,3,0,23,1,6,0,999,1,3,0,4,0,90,3.6,1,19,extra small,402717,69,180f05,85,954f33,999,average,extra low,extra thin,average,average,average,extra round,0,none,black,85,0,very long,none,average,average,average,average,extra raised,thick,wide,extra straight,wide,0,552f19,16,999,999,999,999,999,999,999,999
70,5,D1A10,0,31,27,60,0,56,1,6,0,7,0,999,1,98,0,80,0,35,1,3,1,29,0,999,0,73,0,3,1,60,0,87,0,83,smile,91,male,38,0,999,0,999,0,999,0,79,1,47,1,999,0,999,0,45,1,61,0,68,-9.15,0,44,white,0,999,0,46,0,999,1,28,0,39,0,61,0,27,0,56,0,29,0,70,-2.54,1,97,small,49331a,71,180f03,84,9a5b36,999,average,average,extra thin,average,average,extra low,round,0,none,black,84,1,very long,none,average,average,heart,narrow,extra raised,extra thick,small,extra straight,extra wide,1,170a05,15,999,999,999,999,999,999,999,999
71,6,D1A10,0,98,37,60,1,34,1,50,0,70,0,82,0,999,0,96,0,25,0,67,0,76,0,999,0,78,1,92,0,10,0,82,0,78,smile,88,female,999,0,999,0,90,0,999,1,70,1,60,1,999,0,96,0,88,1,83,0,67,-8.58,1,0,white,0,6,0,5,0,90,0,53,1,60,1,2,0,999,1,92,0,6,0,999,-0.15,1,80,extra small,5c5450,49,331c0f,90,8d5a42,999,low,extra low,extra thin,average,close,low,extra round,0,none,brown,90,0,very long,none,average,average,extra heart,extra narrow,extra raised,extra thick,small,extra straight,extra wide,1,33210b,12,999,999,999,999,999,999,999,999
72,GT,D1A10,0,999,18,60,1,69,1,33,0,62,0,89,0,999,0,999,1,4,0,49,1,82,0,999,0,999,0,67,1,82,0,65,0,999,neutral,999,female,92,0,999,0,91,0,999,1,45,0,67,0,999,0,91,0,47,1,49,0,50,-9.2,0,21,white,0,12,0,80,0,999,1,32,0,39,1,16,0,999,1,61,0,16,0,91,2.66,1,999,extra small,70513c,47,1e0f02,56,ab673e,999,average,extra low,extra thin,average,far,extra low,extra round,0,none,black,56,0,long,none,average,short,rect,average,average,average,extra small,extra straight,narrow,0,fefef3,25,999,999,999,999,999,999,999,999
95,1,D37A1,0,51,24,60,0,14,1,32,0,999,0,67,0,94,0,85,0,59,0,60,0,90,0,49,0,999,1,33,1,28,0,79,0,97,neutral,80,male,27,0,999,0,999,0,80,0,75,0,999,0,89,0,99,0,999,1,81,1,19,-9.76,0,32,white,0,20,0,95,0,999,1,55,0,99,0,35,0,95,0,55,0,84,0,13,0.87,1,87,small,999,999,7e563e,90,d29799,999,low,extra low,extra thin,average,far,high,extra round,0,none,brown light,90,0,none,none,very thin,short,extra rect,extra narrow,low,thin,extra small,extra straight,extra wide,0,fff7fe,44,999,999,999,999,999,999,999,999
96,2,D37A1,1,11,17,60,0,83,0,54,0,39,1,10,0,999,0,32,0,82,0,1,0,34,0,999,0,85,0,64,0,34,0,12,0,14,neutral,95,male,999,0,999,0,81,0,2,0,999,0,98,0,77,0,54,0,999,1,29,0,50,-8.47,0,3,white,1,51,0,73,0,91,1,14,0,999,0,84,0,81,0,999,0,999,1,63,4.77,0,36,extra small,a1746b,41,8d554c,28,c2837b,999,low,extra high,extra thin,average,average,extra high,extra round,0,none,red,28,0,none,none,very thin,short,heart,extra narrow,low,extra thin,extra small,extra straight,extra wide,0,fff7fe,40,999,999,999,999,999,999,999,999
97,3,D37A1,0,17,19,60,0,82,0,37,0,83,0,41,0,999,0,57,0,999,0,67,0,60,0,98,0,44,1,41,0,47,0,46,0,66,neutral,84,male,82,0,999,0,99,0,56,0,999,0,999,0,75,0,89,0,999,1,79,0,46,-10,0,70,white,1,5,0,999,0,999,1,57,0,999,0,82,0,999,0,999,0,999,1,26,-3.91,1,24,extra large,6c4e5b,54,65432c,94,bd7b70,999,low,extra low,extra thin,low,close,average,extra round,0,none,brown light,94,0,none,none,thin,short,average,extra narrow,extra low,average,extra small,extra straight,average,0,fbfcf4,25,999,999,999,999,999,999,999,999
98,4,D37A1,0,99,12,60,0,68,1,18,0,999,0,79,0,67,0,999,0,57,0,999,0,79,0,79,0,63,1,72,0,60,0,88,0,999,neutral,88,female,24,0,999,0,999,0,94,0,65,0,89,0,72,0,999,0,999,1,66,1,24,-9.79,0,55,white,0,42,0,999,0,999,1,59,0,82,0,39,0,999,0,30,0,73,0,45,5.11,1,81,small,999,999,66514b,90,cda999,999,low,low,extra thin,average,average,extra high,extra round,0,none,brown light,90,0,none,none,very thin,short,average,narrow,average,average,extra small,extra straight,wide,1,f6fdfe,37,999,999,999,999,999,999,999,999
99,5,D37A1,1,7,17,60,0,57,1,16,0,57,0,97,0,999,0,68,0,58,0,45,0,36,0,92,0,91,1,40,0,18,0,90,0,88,neutral,91,male,86,0,999,0,999,0,96,0,999,0,98,0,95,0,999,0,999,1,23,0,18,-8.39,0,15,white,0,37,0,86,0,999,1,65,0,82,0,71,0,999,0,94,0,92,1,17,4.71,1,59,small,502d27,47,562a1a,88,d6887c,999,average,high,extra thin,low,far,extra high,extra round,0,none,brown light,88,0,none,none,very thin,short,average,extra narrow,average,extra thin,small,extra straight,extra wide,0,999,999,999,999,999,999,999,999,646461,1
100,GT,D37A1,0,38,22,60,0,69,0,59,0,30,1,10,0,999,0,64,0,66,0,1,1,25,0,999,0,43,0,80,0,74,1,5,0,11,neutral,84,male,80,0,999,0,98,0,18,0,999,0,73,0,88,0,72,0,999,1,38,0,31,-7.16,0,64,white,1,78,0,999,0,999,1,41,0,999,0,77,0,999,0,95,0,999,1,53,25.01,0,26,extra small,885d58,85,7f6f68,59,ca817c,999,average,low,extra thin,average,average,average,extra round,0,none,blond,59,0,none,none,very thin,short,heart,narrow,average,extra thin,extra small,extra straight,extra wide,0,fefff7,40,999,999,999,999,999,999,999,999
101,IT,D37A1,1,17,26,60,0,46,0,60,0,57,0,13,0,999,0,14,0,57,0,22,1,25,0,999,0,45,0,999,1,11,0,31,0,44,neutral,97,male,999,0,999,0,54,0,57,0,99,0,99,0,76,0,42,0,66,1,27,0,53,-9.48,0,25,white,1,21,0,89,0,72,0,19,0,999,0,66,0,8,0,999,0,999,1,17,2.38,1,23,extra large,999,999,3.31E+14,56,d09c8c,999,extra low,extra low,extra thin,low,extra close,extra low,extra round,0,none,brown,56,0,none,none,very thin,very short,rect,extra narrow,extra low,extra thin,extra small,extra straight,average,1,999,999,999,999,999,999,999,999,999,999
102,1,D37A2,0,26,19,60,0,999,0,21,0,10,0,54,0,41,0,44,0,54,0,21,1,60,0,92,0,38,0,88,0,40,0,67,0,79,neutral,94,male,89,0,999,0,91,0,67,0,98,0,78,0,72,0,65,0,67,0,0,1,66,-9.91,0,69,white,0,30,0,999,0,99,1,51,0,999,0,999,0,88,0,91,0,999,1,21,1.71,1,26,extra large,999,999,999,999,999,999,average,extra high,extra thin,low,average,extra high,extra round,0,none,black,0,0,none,none,very thin,very short,rect,extra narrow,low,thin,extra small,extra straight,average,0,999,999,999,999,999,999,999,999,999,999
103,2,D37A2,0,19,22,60,0,43,0,27,0,72,0,34,0,71,1,3,0,16,0,15,1,56,0,999,0,47,0,74,1,17,0,55,0,78,neutral,77,male,61,0,999,0,30,0,91,0,81,0,79,0,97,0,17,0,60,1,14,1,47,-9.64,0,40,white,0,4,0,999,0,49,1,15,0,91,0,72,0,66,0,74,0,999,0,20,4.3,1,49,extra large,999,999,999,999,999,999,average,extra low,extra thin,average,average,low,extra round,0,none,black,0,0,none,none,very thin,very short,extra rect,extra narrow,extra low,extra thin,extra small,extra straight,extra narrow,0,999,999,999,999,999,999,999,999,999,999
104,3,D37A2,0,69,16,60,0,77,0,22,0,17,0,8,0,70,0,56,0,46,0,36,0,20,0,75,0,35,0,51,0,80,0,71,0,71,neutral,44,male,18,0,999,0,90,0,41,0,85,0,44,0,77,0,82,0,73,1,30,1,69,-10,0,30,white,1,50,0,999,0,98,1,10,0,999,0,62,0,88,0,73,0,999,0,24,-3.33,1,27,extra large,999,999,999,999,999,999,low,extra low,extra thin,low,close,low,extra round,0,none,black,0,0,none,none,very thin,very short,average,extra narrow,low,average,extra small,extra straight,narrow,0,999,999,999,999,999,999,999,999,999,999
105,4,D37A2,0,41,17,60,0,59,0,27,0,32,0,33,0,67,0,34,0,11,0,22,1,38,0,97,0,57,0,87,0,0,0,77,0,91,neutral,74,male,46,0,999,0,70,0,83,0,90,0,65,0,50,0,56,0,69,1,25,1,58,-9.51,0,55,white,1,5,0,999,0,85,1,4,0,999,0,71,0,47,0,84,0,999,0,29,-4.46,1,75,large,999,999,999,999,999,999,average,extra low,extra thin,low,average,high,thin,0,none,black,0,0,none,none,very thin,very short,heart,extra narrow,low,average,extra small,extra straight,extra wide,0,999,999,999,999,999,999,999,999,999,999
106,5,D37A2,0,63,35,60,0,6,0,49,0,51,1,13,0,80,0,29,1,16,0,3,1,32,0,98,0,40,0,85,0,22,0,38,0,58,neutral,55,male,8,0,999,0,41,0,63,0,68,0,44,0,83,0,37,0,88,1,41,1,26,-9.83,0,53,white,1,81,0,999,0,72,0,20,0,999,0,24,0,68,0,58,0,75,0,43,-2.01,1,45,extra large,999,999,999,999,999,999,low,extra low,extra thin,average,close,extra low,extra round,0,none,black,0,0,none,none,very thin,very short,rect,extra narrow,low,thin,extra small,extra straight,extra narrow,0,999,999,999,999,999,999,999,999,999,999
107,GT,D37A2,0,57,19,60,0,80,0,52,0,43,1,26,0,86,0,28,0,38,0,13,0,16,0,89,0,0,0,89,0,98,0,30,0,46,neutral,69,male,40,0,999,0,62,0,25,0,999,0,60,0,999,0,49,0,999,1,23,1,45,-8.22,0,52,white,1,63,0,999,0,78,0,25,0,999,0,75,0,57,0,89,0,94,0,14,10.26,0,1,extra small,999,999,696762,58,ab9d9b,999,average,low,extra thin,average,average,average,extra round,0,none,blond,58,0,none,none,very thin,very short,heart,narrow,average,extra thin,extra small,extra straight,extra wide,1,999,999,999,999,999,999,999,999,999,999
108,IT,D37A2,0,28,20,60,0,76,1,42,0,39,0,70,0,84,0,61,0,41,0,37,0,3,0,86,0,78,0,8,0,50,0,98,0,99,neutral,67,male,54,0,999,0,999,0,91,0,92,0,85,0,999,0,999,0,999,1,31,1,87,-9.37,0,48,white,0,12,0,999,0,999,1,46,0,89,0,84,0,92,0,78,0,999,0,7,4.2,1,75,average,685855,43,433733,94,b1a19e,98,extra low,average,extra thin,low,average,extra high,extra round,0,none,brown,94,0,none,none,very thin,short,average,extra narrow,average,extra thin,small,extra straight,extra wide,1,f7feff,47,999,999,999,999,999,999,999,999
109,1,D37A3,0,10,18,60,0,999,0,4,0,40,0,69,0,68,0,60,0,91,0,48,1,36,0,87,0,55,0,41,0,47,0,75,0,92,neutral,87,male,999,0,999,0,999,0,75,0,91,0,86,0,64,0,87,0,96,1,30,1,21,-9.95,0,65,white,0,39,0,999,0,999,1,80,0,999,0,999,0,999,0,93,0,999,1,34,-0.36,1,42,large,4a403d,87,342f2c,98,7d6b66,999,average,extra high,extra thin,average,average,extra high,extra round,0,none,black,98,0,none,none,very thin,average,rect,extra narrow,low,thin,extra small,extra straight,extra wide,0,f7f2ec,14,999,999,999,999,999,999,999,999
110,2,D37A3,1,23,21,60,0,39,0,7,0,65,0,67,0,91,1,6,0,46,0,28,1,77,0,999,0,58,0,80,1,37,0,70,0,84,neutral,91,male,94,0,999,0,44,0,999,0,97,0,999,0,999,0,34,0,68,1,21,1,22,-9.7,0,38,white,0,25,0,999,0,54,1,43,0,98,0,85,0,67,0,94,0,999,1,9,2.5,1,65,extra large,43362f,24,373431,95,a69590,999,average,extra low,extra thin,average,average,low,extra round,0,none,black,95,0,none,none,very thin,very short,extra rect,narrow,extra low,extra thin,extra small,extra straight,extra narrow,1,dbdbd4,2,f4fbfc,2,999,999,999,999,999,999
111,3,D37A3,0,20,16,60,0,67,0,20,0,46,0,29,0,78,0,35,0,68,0,47,0,17,0,98,0,42,0,15,0,62,0,73,0,77,neutral,74,male,65,0,999,0,81,0,60,0,92,0,97,0,88,0,75,0,75,1,37,1,46,-10.39,0,41,white,1,25,0,999,0,87,1,35,0,999,0,86,0,88,0,90,0,999,1,6,-2.85,1,32,extra large,635a58,79,514944,95,9e918f,97,low,extra low,extra thin,low,close,low,extra round,0,none,brown light,95,0,none,none,very thin,short,heart,extra narrow,extra low,average,extra small,extra straight,narrow,1,f5f4fc,28,999,999,999,999,999,999,999,999
112,4,D37A3,0,2,21,60,0,52,0,15,0,69,0,88,0,64,0,29,0,44,0,42,1,73,0,999,0,39,0,67,1,23,0,89,0,999,neutral,76,male,73,0,999,0,73,0,999,0,97,0,81,0,88,0,64,0,56,1,34,1,18,-9.49,0,46,white,0,44,0,999,0,83,1,38,0,89,0,76,0,58,0,96,0,999,0,34,-7.03,1,88,large,4d443f,80,2c2a28,999,8d847f,99,low,low,extra thin,low,average,high,thin,0,none,black,999,0,none,none,very thin,short,heart,extra narrow,low,thin,extra small,extra straight,extra wide,1,d0d0c9,1,999,999,999,999,999,999,999,999
113,5,D37A3,0,37,33,60,0,44,0,67,0,65,0,23,0,92,0,41,0,19,0,10,1,97,0,999,0,34,0,999,1,6,0,15,0,47,neutral,67,male,63,0,999,0,71,0,86,0,95,0,50,0,97,0,51,0,999,1,66,0,35,-9.84,0,91,white,1,38,0,999,0,95,1,33,0,999,0,52,0,81,0,91,0,95,0,9,0.01,1,47,extra large,6c6760,51,322b25,75,8b7972,999,extra raised,extra low,extra thin,average,average,extra low,extra round,0,none,brown,75,0,none,none,very thin,short,rect,extra narrow,low,thin,extra small,extra straight,extra narrow,1,c0c0ba,1,999,999,999,999,999,999,999,999
114,GT,D37A3,0,57,19,60,0,80,0,52,0,43,1,26,0,86,0,28,0,38,0,13,0,16,0,89,0,0,0,89,0,98,0,30,0,46,neutral,69,male,40,0,999,0,62,0,25,0,999,0,60,0,999,0,49,0,999,1,23,1,45,-8.22,0,52,white,1,63,0,999,0,78,0,25,0,999,0,75,0,57,0,89,0,94,0,14,10.26,0,1,extra small,999,999,696762,58,ab9d9b,999,average,low,extra thin,average,average,average,extra round,0,none,blond,58,0,none,none,very thin,very short,heart,narrow,average,extra thin,extra small,extra straight,extra wide,1,999,999,999,999,999,999,999,999,999,999
115,IT,D37A3,0,28,20,60,0,76,1,42,0,39,0,70,0,84,0,61,0,41,0,37,0,3,0,86,0,78,0,8,0,50,0,98,0,99,neutral,67,male,54,0,999,0,999,0,91,0,92,0,85,0,999,0,999,0,999,1,31,1,87,-9.37,0,48,white,0,12,0,999,0,999,1,46,0,89,0,84,0,92,0,78,0,999,0,7,4.2,1,75,average,685855,43,433733,94,b1a19e,98,extra low,average,extra thin,low,average,extra high,extra round,0,none,brown,94,0,none,none,very thin,short,average,extra narrow,average,extra thin,small,extra straight,extra wide,1,f7feff,47,999,999,999,999,999,999,999,999
116,1,D39A1,0,35,24,60,0,64,0,88,0,32,0,99,1,9,0,56,0,61,0,12,1,77,0,999,1,18,0,63,1,44,0,9,0,48,neutral,88,male,81,1,999,0,84,0,98,0,88,0,67,0,999,0,60,0,9,1,43,0,75,-10.17,0,999,asian,0,97,0,999,0,94,1,2,0,36,0,89,0,12,0,96,0,83,0,42,-5.59,1,34,extra large,312b22,92,28281e,96,7f6049,999,average,extra low,extra thin,average,average,extra low,extra round,0,none,brown,96,1,none,none,thin,very short,extra rect,extra narrow,extra low,thin,extra small,extra straight,wide,0,19150f,2,999,999,999,999,999,999,4f4431,0
117,2,D39A1,0,48,37,60,0,99,0,96,0,68,0,53,0,91,0,54,0,77,1,1,1,999,0,999,1,20,0,999,0,11,1,27,0,13,neutral,80,male,84,1,999,0,83,0,60,0,83,0,67,0,86,0,41,0,59,1,39,0,60,-8.84,0,999,white,0,27,0,999,0,98,1,56,0,79,0,86,0,60,0,98,0,98,1,0,-4.22,0,12,extra large,221f18,84,90906,99,7b5b49,999,low,extra low,thin,low,close,low,extra round,0,none,black,99,0,none,none,thin,short,extra rect,extra narrow,extra low,extra thin,extra small,extra straight,wide,0,2.21E+18,2,999,999,999,999,999,999,2.21E+18,1
118,GT,D39A1,0,35,34,60,0,999,0,999,0,87,0,49,0,90,0,36,0,39,1,10,1,98,0,999,1,1,0,86,0,11,1,26,0,26,neutral,999,male,87,1,999,0,61,0,82,0,85,0,70,0,61,0,28,0,999,1,42,0,87,-9.4,0,999,asian,0,38,0,96,0,82,1,31,0,76,0,73,0,21,0,99,0,73,0,28,-8.79,1,18,large,211d15,86,20201c,999,72553f,999,low,extra low,extra thin,average,far,average,extra round,0,none,black,999,1,none,none,thin,very short,extra rect,extra narrow,extra low,average,extra small,extra straight,extra wide,0,99918d,6,999,999,999,999,999,999,1f1b13,1
119,1,D39A2,0,22,43,60,0,92,0,90,0,55,0,59,0,999,0,33,0,30,1,30,1,89,0,999,0,5,0,74,1,25,1,31,0,21,neutral,999,male,97,1,999,0,58,0,91,0,94,0,74,0,90,0,28,0,67,1,35,0,84,-9.49,0,999,asian,0,41,0,999,0,79,1,17,0,57,0,76,0,13,0,999,0,80,0,27,-4.9,1,35,average,332e1f,88,2c2820,99,805c44,999,low,extra low,extra thin,average,average,low,extra round,0,none,brown,99,1,none,none,thin,very short,extra rect,extra narrow,extra low,thin,extra small,extra straight,wide,0,13100b,2,999,999,999,999,999,999,4a3f2c,0
120,2,D39A2,0,55,24,60,0,44,0,98,0,39,0,86,0,41,0,71,0,41,0,9,1,83,0,999,1,31,0,63,1,44,0,2,0,43,neutral,47,male,39,1,999,0,88,0,999,0,89,0,20,0,73,0,71,1,2,1,55,0,999,-9.84,0,999,asian,0,56,0,999,0,999,1,4,0,70,0,32,0,0,0,91,0,57,0,76,-6.64,1,56,extra large,2e261d,97,27271f,51,724d37,999,low,extra low,extra thin,average,average,extra low,extra round,0,none,brown,51,1,none,none,very thin,very short,extra rect,narrow,extra low,extra thin,extra small,extra straight,average,0,2a1b12,1,999,999,999,999,999,999,999,999
121,GT,D39A2,0,34,44,60,0,90,0,999,0,65,0,40,0,999,0,29,0,58,1,25,1,999,0,999,1,21,0,93,1,6,1,55,1,8,neutral,80,male,97,1,999,0,51,0,62,0,84,0,61,0,80,0,14,0,44,1,32,0,93,-9.62,0,999,white,0,18,0,999,0,75,1,42,0,82,0,76,0,37,0,999,0,90,1,1,-0.88,0,11,large,251f1a,96,0a0907,999,6f4b35,999,low,extra low,extra thin,average,close,low,extra round,0,none,black,999,0,none,none,thin,short,extra rect,narrow,extra low,extra thin,extra small,extra straight,wide,0,402f1d,1,999,999,999,999,999,999,999,999
122,1,D39A3,0,16,35,60,0,999,0,88,0,77,0,67,0,999,0,18,0,70,0,6,1,999,0,999,1,23,0,98,1,21,1,20,0,29,neutral,95,male,999,1,999,0,43,0,82,0,88,0,79,0,999,0,14,0,47,1,30,0,73,-8.84,0,999,white,0,55,0,999,0,63,1,53,0,80,0,95,0,35,0,999,0,999,0,4,-3.33,1,9,extra large,271f17,92,90906,90906,7d563d,999,low,extra low,extra thin,extra raised,average,low,round,0,none,black,999,0,none,none,thin,short,extra rect,narrow,extra low,extra thin,extra small,extra straight,extra wide,1,44331f,1,999,999,999,999,999,999,322c21,0
123,2,D39A3,0,60,29,60,0,63,0,82,0,74,0,93,0,22,0,74,0,70,0,31,1,99,0,999,1,42,0,76,1,22,0,14,0,50,neutral,48,male,47,1,999,0,97,0,999,0,84,0,43,0,99,0,77,0,8,1,56,0,67,-9.78,0,999,asian,0,75,0,999,0,999,1,24,0,63,0,61,0,18,0,88,0,73,0,56,-5.77,1,31,extra large,2b2621,94,1b1a13,95,7e5e4a,999,low,extra low,extra thin,low,average,extra low,extra round,0,none,black,95,1,none,none,very thin,very short,extra rect,narrow,extra low,extra thin,extra small,extra straight,narrow,0,c9b19a,3,999,999,999,999,999,999,221d15,1
124,GT,D39A3,0,42,34,60,0,999,0,92,0,80,0,53,0,78,0,50,0,49,1,15,1,85,0,999,0,6,0,66,0,15,1,32,0,13,neutral,97,male,86,1,999,0,75,0,67,0,85,0,78,0,86,0,41,0,999,1,53,0,67,-9.33,0,999,white,0,35,0,999,0,94,1,25,0,52,0,72,0,46,0,98,0,79,0,15,-8.93,1,5,large,29291f,93,2e2c25,98,795b47,999,low,extra low,extra thin,low,average,average,extra round,0,none,brown,98,1,none,none,thin,very short,extra rect,extra narrow,extra low,average,extra small,extra straight,wide,0,282219,2,999,999,999,999,999,999,2.31E+18,1
125,1,D39A5,0,59,36,60,0,999,0,94,0,40,1,35,0,37,1,33,0,4,1,45,0,27,0,89,1,37,0,94,0,45,1,49,1,18,smile,17,male,57,0,999,1,27,0,20,0,86,1,8,1,32,1,36,0,34,1,39,0,36,-8.32,0,999,asian,0,2,0,999,0,2,0,999,0,56,0,51,1,54,0,94,0,69,0,63,-13.32,0,23,extra large,151407,82,0a0b07,41,282016,282016,extra low,extra low,extra thin,extra low,far,extra low,extra round,0,none,black,41,0,none,none,very thin,very short,extra rect,average,extra low,average,extra small,extra straight,wide,0,80905,3,999,999,999,999,999,999,999,999
126,2,D39A5,0,57,37,60,0,53,0,72,0,19,1,17,0,58,1,19,1,44,1,43,1,64,0,999,1,5,0,999,0,3,1,8,0,21,smile,46,male,36,0,999,1,15,0,75,0,83,1,41,1,32,1,17,0,25,1,47,0,13,-8.61,0,96,asian,1,34,0,999,0,19,0,41,0,84,0,42,0,26,0,80,0,71,0,56,-12.04,1,39,extra large,171715,92,0d0e0a,65,45382d,999,extra low,extra low,extra thin,average,extra far,extra low,extra round,0,none,black,65,0,none,none,very thin,short,rect,narrow,raised,thin,small,extra straight,extra wide,0,696874,6,999,999,999,999,999,999,999,999
127,1,D39A6,1,36,26,60,0,65,0,80,0,30,0,39,0,89,1,93,0,27,1,23,1,85,0,999,0,8,0,88,1,84,1,16,0,37,neutral,99,male,97,0,999,1,85,0,90,0,88,0,78,0,86,1,88,0,57,1,29,0,999,-9.06,0,93,white,0,44,0,999,1,72,0,19,0,50,0,78,0,43,0,99,0,90,0,24,-6.4,1,9,extra small,1f1a16,96,231f15,90,7b5b4b,999,extra low,extra low,extra thin,low,average,low,extra round,0,thick,brown,90,0,none,thick,thin,short,rect,narrow,average,extra thin,extra small,extra straight,extra wide,0,473a27,3,999,999,2a2218,74,231a11,81,352f24,0
128,2,D39A6,1,24,36,60,0,61,0,74,0,67,0,61,0,36,1,85,0,4,1,19,1,91,0,999,0,1,0,85,1,73,0,10,0,68,neutral,98,male,95,0,999,1,87,0,999,0,92,0,70,0,80,1,74,0,70,1,26,0,78,-9.33,0,92,white,0,68,0,999,1,65,0,41,0,21,0,66,0,32,0,99,0,66,0,72,-3.3,1,48,extra large,201d19,95,0a0a07,99,7e5f51,999,extra low,extra low,extra thin,low,close,average,extra round,0,thick,black,99,1,very short,thick,very thin,average,extra rect,extra narrow,extra low,thin,extra small,extra straight,average,0,3e3120,14,d8c29b,0,1e1b15,81,1f1911,84,999,999
129,GT,D39A6,1,52,21,60,0,40,0,38,0,40,0,88,0,27,1,76,0,25,1,4,1,76,0,999,0,27,0,54,1,74,0,54,0,999,neutral,85,male,99,0,999,1,63,0,999,0,87,0,68,0,94,1,43,0,27,1,27,0,72,-9.81,0,68,white,0,76,0,999,1,50,1,11,0,49,0,68,0,52,0,95,0,80,0,64,-7,1,87,extra large,1d1713,95,221f18,999,84644e,999,average,extra low,extra thin,average,far,extra low,extra round,0,thick,brown,999,1,none,none,thin,short,extra rect,extra narrow,extra low,average,extra small,extra straight,wide,0,5.53E+31,11,999,999,41311f,67,999,999,1d1913,1
130,1,D39A8,1,45,30,60,0,49,0,49,0,25,0,57,0,79,1,95,1,16,1,28,1,87,0,999,0,56,0,61,1,90,0,23,0,83,neutral,88,male,91,0,999,1,90,0,999,0,89,0,60,0,59,1,73,0,79,1,35,0,82,-9.92,0,95,white,0,42,0,999,1,73,1,14,0,64,0,67,0,68,0,95,0,72,0,54,1.33,1,85,extra large,1f1b15,95,242118,98,8c6953,999,extra low,low,extra thin,low,far,average,extra round,0,thick,brown,98,1,none,thick,thin,short,extra rect,extra narrow,average,average,extra small,extra straight,average,0,564430,5,999,999,32271a,74,33271b,74,efead5,2
131,2,D39A8,1,36,26,60,0,65,0,80,0,30,0,39,0,89,1,93,0,27,1,23,1,85,0,999,0,8,0,88,1,84,1,16,0,37,neutral,99,male,97,0,999,1,85,0,90,0,88,0,78,0,86,1,88,0,57,1,29,0,999,-9.06,0,93,white,0,44,0,999,1,72,0,19,0,50,0,78,0,43,0,99,0,90,0,24,-6.4,1,9,extra small,1f1a16,96,231f15,90,7b5b4b,999,extra low,extra low,extra thin,low,average,low,extra round,0,thick,brown,90,0,none,thick,thin,short,rect,narrow,average,extra thin,extra small,extra straight,extra wide,0,473a27,3,999,999,2a2218,74,231a11,81,352f24,0
132,GT,D39A8,1,52,21,60,0,40,0,38,0,40,0,88,0,27,1,76,0,25,1,4,1,76,0,999,0,27,0,54,1,74,0,54,0,999,neutral,85,male,99,0,999,1,63,0,999,0,87,0,68,0,94,1,43,0,27,1,27,0,72,-9.81,0,68,white,0,76,0,999,1,50,1,11,0,49,0,68,0,52,0,95,0,80,0,64,-7,1,87,extra large,1d1713,95,221f18,999,84644e,999,average,extra low,extra thin,average,far,extra low,extra round,0,thick,brown,999,1,none,none,thin,short,extra rect,extra narrow,extra low,average,extra small,extra straight,wide,0,5.53E+31,11,999,999,41311f,67,999,999,1d1913,1
133,1,D39A9,0,33,30,60,0,60,0,80,0,53,1,4,0,66,1,58,1,57,1,52,1,88,0,999,1,7,0,999,0,6,1,22,0,23,neutral,47,male,57,0,999,1,59,0,95,0,75,0,9,0,37,1,53,0,72,1,45,0,53,-8.57,0,999,asian,1,27,0,999,1,24,0,67,0,54,0,40,0,22,0,85,0,53,0,77,-3.27,1,35,extra large,585653,24,7b6d56,33,332318,332318,extra low,extra low,extra thin,low,extra far,extra low,extra round,0,none,blond,33,0,none,none,very thin,very short,extra rect,average,low,extra thick,extra small,extra straight,average,0,635034,3,0c0c0a,2,999,999,999,999,ede2cf,1
134,2,D39A9,0,29,33,60,0,42,0,999,0,31,0,28,0,82,1,35,1,29,1,43,1,999,0,999,1,18,0,94,1,14,1,23,0,28,neutral,61,male,59,0,999,1,30,0,999,0,86,0,12,0,29,1,29,0,70,1,60,0,999,-8.77,0,999,asian,1,34,0,999,0,2,0,47,0,20,0,30,0,84,0,94,0,53,0,77,-2.62,1,41,extra large,1f1b15,82,221f17,90,5d3d2b,999,low,extra low,extra thin,average,average,low,extra round,0,none,brown,90,0,none,none,thin,short,average,narrow,average,extra thick,extra small,extra straight,wide,0,2d190e,13,10100e,2,999,999,999,999,242018,0
135,GT,D39A9,0,46,34,60,0,75,0,98,0,36,1,16,0,49,1,42,1,21,1,58,1,64,0,999,1,35,0,999,0,26,1,49,1,14,smile,13,male,69,0,999,1,36,0,53,0,78,1,14,1,3,1,48,0,34,1,43,0,36,-8.06,0,999,black,1,25,0,999,1,5,0,86,0,40,0,56,0,18,0,82,0,72,0,52,-0.45,0,13,average,1b160d,83,564d3f,17,241b11,999,low,extra low,extra thin,average,far,extra low,extra round,0,none,blond,17,0,none,none,very thin,very short,heart,narrow,raised,average,extra small,extra straight,wide,0,80908,25,999,999,999,999,999,999,6d604b,1
136,1,D43A1,0,999,17,60,0,999,0,59,0,11,0,35,0,65,0,95,0,88,0,71,0,84,1,17,1,96,0,52,0,999,0,48,0,54,smile,999,female,74,0,999,0,999,0,33,0,999,1,76,1,88,0,999,1,35,1,51,0,29,-9.33,0,88,white,0,7,0,999,0,999,1,11,0,98,0,27,0,33,0,94,0,32,0,93,3.82,1,26,average,3b3332,999,58534e,28,856863,856863,average,extra high,extra thin,average,far,high,extra round,0,none,blond,28,0,none,none,very thin,short,rect,average,extra raised,extra thick,wide,extra straight,average,0,9fa7c2,7,94a9ce,0,999,999,999,999,648286,0
137,2,D43A1,0,999,17,60,0,999,0,45,0,39,0,79,0,70,0,999,0,91,0,999,0,75,1,11,1,85,1,24,0,81,0,90,0,999,smile,54,female,93,0,999,0,999,0,76,0,999,1,27,1,85,0,999,1,27,1,60,0,52,-9.69,0,65,white,0,49,0,999,0,999,1,78,0,98,0,57,0,75,0,69,0,35,0,999,5.99,1,63,extra large,47241c,94,553e2c,51,a8695e,999,average,average,extra thin,average,average,high,extra round,0,none,brown light,51,1,very long,none,average,very short,average,extra narrow,extra raised,thick,average,extra straight,extra wide,1,6a3b20,38,593622,1,999,999,999,999,101819,0
138,3,D43A1,0,97,13,60,0,75,0,99,0,33,0,66,0,98,0,98,0,92,0,97,0,88,0,12,1,96,1,27,0,92,0,41,0,69,neutral,59,female,47,0,999,0,999,0,50,0,999,0,33,0,63,0,999,1,14,1,42,0,999,-9.57,0,99,white,1,13,0,999,0,999,1,1,0,62,1,4,0,79,0,999,0,40,0,90,-4.87,1,14,extra large,4b1e17,999,604134,95,a56960,999,raised,extra high,extra thin,low,average,average,extra thin,0,none,brown light,95,0,short,none,thin,average,extra rect,extra narrow,average,thick,small,extra straight,wide,0,7a513c,6,ded3e9,1,999,999,999,999,324a4e,0
139,4,D43A1,0,999,19,60,0,73,0,65,0,35,0,69,0,86,0,999,0,999,0,999,0,77,0,10,1,75,1,24,0,67,0,49,0,81,neutral,26,female,61,0,999,0,999,0,68,0,999,0,19,0,72,0,999,1,2,1,92,0,86,-10.18,0,999,white,0,19,0,999,0,999,1,14,0,64,0,30,0,82,0,91,0,55,0,90,-2.14,1,41,extra small,65342a,92,694b3f,82,cf887d,999,average,extra low,extra thin,average,average,extra low,extra round,0,none,brown light,82,0,very long,none,average,short,average,extra narrow,raised,extra thin,extra small,extra straight,extra wide,0,8c5e44,17,999,999,999,999,999,999,2f464a,0
140,5,D43A1,0,79,14,60,0,86,0,999,0,21,0,4,0,999,0,51,0,999,0,69,0,95,0,22,1,94,0,46,0,999,0,20,0,48,neutral,80,male,11,0,999,0,65,0,8,0,999,0,54,0,53,0,74,1,41,1,19,0,63,-8.55,0,93,white,1,55,0,999,0,76,0,28,0,88,0,38,0,49,0,999,0,75,0,62,-0.15,0,1,extra small,451b18,999,765d5b,53,9d635c,999,low,extra high,extra thin,average,average,average,extra thin,0,none,red,53,0,very short,none,thin,short,heart,narrow,extra raised,average,average,extra straight,extra wide,0,ad99a9,7,ddcee3,1,999,999,999,999,3.44E+54,1
141,GT,D43A1,0,999,24,60,0,90,0,85,0,68,0,72,0,39,0,999,0,89,0,999,0,73,1,67,1,69,0,56,0,999,0,74,0,99,neutral,54,female,83,0,999,0,999,0,31,0,999,0,31,0,42,0,999,0,32,1,48,0,44,-9.13,0,72,white,0,17,0,95,0,999,1,50,0,94,0,7,0,78,0,73,0,27,0,999,-0.03,1,20,extra small,461c15,999,d6c0b7,70,935147,935147,average,extra low,extra thin,average,average,low,extra round,0,none,blond,70,0,short,none,average,short,rect,extra narrow,average,thin,extra small,extra straight,extra wide,0,bb9f97,5,ddb3ac,0,999,999,999,999,2b4245,1
142,IT,D43A1,0,999,10,60,0,999,0,72,0,35,0,67,0,18,0,999,0,999,0,77,0,89,1,33,1,87,0,14,0,999,0,53,0,72,smile,57,female,56,0,999,0,999,0,34,0,999,1,26,1,49,0,999,1,22,1,58,0,46,-9.5,0,999,white,0,46,0,999,0,999,1,61,0,999,0,26,0,48,0,99,0,25,0,999,2.34,1,27,extra small,432c25,99,69686c,59,947073,947073,average,average,extra thin,low,extra far,extra low,extra round,0,none,not natural,59,0,short,none,thin,short,extra rect,extra wide,extra raised,thick,wide,extra straight,extra wide,1,1e181a,1,999,999,999,999,999,999,dee4e5,0
143,1,D43A2,0,79,14,60,0,86,0,999,0,21,0,4,0,999,0,51,0,999,0,69,0,95,0,22,1,94,0,46,0,999,0,20,0,48,neutral,80,male,11,0,999,0,65,0,8,0,999,0,54,0,53,0,74,1,41,1,19,0,63,-8.55,0,93,white,1,55,0,999,0,76,0,28,0,88,0,38,0,49,0,999,0,75,0,62,-0.15,0,1,extra small,451b18,999,765d5b,53,9d635c,999,low,extra high,extra thin,average,average,average,extra thin,0,none,red,53,0,very short,none,thin,short,heart,narrow,extra raised,average,average,extra straight,extra wide,0,ad99a9,7,ddcee3,1,999,999,999,999,3.44E+54,1
144,2,D43A2,0,999,24,60,0,54,0,39,0,87,0,93,0,84,0,999,0,60,0,999,0,999,1,51,1,72,0,0,0,999,0,95,0,999,neutral,91,female,94,0,999,0,999,0,62,0,99,0,86,0,74,0,999,1,1,1,21,0,32,-8.84,0,30,white,0,19,0,999,0,999,0,15,0,4,0,29,0,999,0,59,0,20,0,999,1.98,1,44,extra small,623b35,78,936d57,66,daa08e,999,average,average,extra thin,average,extra far,extra low,extra round,0,none,brown light,66,0,long,none,average,average,heart,wide,average,extra thin,extra small,extra straight,wide,0,97705a,8,a27b65,0,999,999,999,999,3b585d,1
145,3,D43A2,0,999,8,60,0,80,0,85,0,999,0,48,0,73,0,91,0,87,0,999,0,88,1,35,1,78,0,47,0,999,0,77,0,98,neutral,999,female,52,0,999,0,97,0,27,0,98,0,88,0,80,0,999,0,27,1,25,0,22,-8.29,0,43,white,1,21,0,999,0,999,1,24,0,76,0,37,0,96,0,82,0,52,0,80,-0.09,1,12,extra small,6a3d34,87,7d644d,45,aa695f,999,low,extra low,extra thin,average,average,extra low,extra round,0,none,brown light,45,0,none,none,thin,short,extra heart,wide,average,extra thin,extra small,extra straight,wide,0,684731,14,999,999,999,999,999,999,2f484c,1
146,4,D43A2,0,92,24,60,0,999,0,81,0,47,0,74,0,63,0,85,0,999,0,999,0,98,1,29,1,999,0,30,0,95,0,68,0,96,neutral,58,female,33,0,999,0,98,0,40,0,999,0,48,0,76,0,999,1,37,1,30,0,75,-9.74,0,68,white,0,28,0,999,0,98,1,11,0,79,0,32,0,48,0,999,0,53,0,98,-2.45,1,22,extra small,5e3832,99,927760,73,d99c93,999,extra raised,extra high,extra thin,average,extra far,extra high,thin,0,thick,brown light,73,0,average,none,thin,short,average,wide,raised,average,extra small,extra straight,wide,0,946653,27,756054,1,95614e,61,999,999,38555a,1
147,5,D43A2,0,69,24,60,0,999,0,97,0,47,0,37,0,9,0,60,0,999,0,60,0,999,1,32,1,94,0,66,0,99,0,31,0,37,smile,62,male,29,0,999,0,86,1,15,0,999,1,2,1,28,0,73,1,35,1,13,0,23,-7.79,0,71,white,0,41,0,999,0,83,1,25,0,85,0,80,0,37,0,999,0,68,0,47,11.64,0,25,extra large,483a3f,999,ddd1c3,50,785a54,999,average,extra high,extra thin,low,average,extra high,extra round,0,none,blond,50,0,none,none,thin,short,average,narrow,extra raised,average,small,extra straight,wide,0,e3d3c8,7,999,999,999,999,999,999,4b5d60,0
148,GT,D43A2,0,999,24,60,0,90,0,85,0,68,0,72,0,39,0,999,0,89,0,999,0,73,1,67,1,69,0,56,0,999,0,74,0,99,neutral,54,female,83,0,999,0,999,0,31,0,999,0,31,0,42,0,999,0,32,1,48,0,44,-9.13,0,72,white,0,17,0,95,0,999,1,50,0,94,0,7,0,78,0,73,0,27,0,999,-0.03,1,20,extra small,461c15,999,d6c0b7,70,935147,935147,average,extra low,extra thin,average,average,low,extra round,0,none,blond,70,0,short,none,average,short,rect,extra narrow,average,thin,extra small,extra straight,extra wide,0,bb9f97,5,ddb3ac,0,999,999,999,999,2b4245,1
149,IT,D43A2,0,999,10,60,0,999,0,72,0,35,0,67,0,18,0,999,0,999,0,77,0,89,1,33,1,87,0,14,0,999,0,53,0,72,smile,57,female,56,0,999,0,999,0,34,0,999,1,26,1,49,0,999,1,22,1,58,0,46,-9.5,0,999,white,0,46,0,999,0,999,1,61,0,999,0,26,0,48,0,99,0,25,0,999,2.34,1,27,extra small,432c25,99,69686c,59,947073,947073,average,average,extra thin,low,extra far,extra low,extra round,0,none,not natural,59,0,short,none,thin,short,extra rect,extra wide,extra raised,thick,wide,extra straight,extra wide,1,1e181a,1,999,999,999,999,999,999,dee4e5,0
150,1,D45A1,999,999,999,999,999,999,999,999,0,95,0,29,0,999,0,999,0,80,0,90,0,81,1,20,0,8,0,31,0,999,0,52,0,85,neutral,73,female,76,0,999,0,999,0,38,0,84,0,72,0,88,0,999,0,999,1,87,1,31,-8.94,0,999,white,1,45,0,999,0,999,1,48,0,999,0,25,0,86,0,51,0,53,0,65,3.33,1,48,extra small,663f29,76,82461f,57,d17b4b,999,average,extra low,extra thin,average,average,extra low,extra round,0,none,red,57,0,none,none,thin,short,rect,narrow,low,average,extra small,extra straight,extra wide,0,999,999,999,999,999,999,999,999,999,999
151,2,D45A1,999,999,999,999,999,999,999,999,0,999,0,61,0,53,0,999,0,64,0,999,0,59,1,3,0,24,0,29,0,999,0,88,0,999,neutral,78,female,93,0,999,0,999,0,74,0,30,0,88,0,999,0,999,0,78,1,79,1,60,-9.34,0,72,white,0,19,0,999,0,999,1,36,0,80,0,38,0,66,1,2,0,56,0,88,2.63,1,77,small,4b453b,85,75644c,80,b88a70,999,average,average,extra thin,average,far,average,extra round,0,none,blond,80,0,none,none,thin,very short,extra rect,extra wide,extra low,average,extra small,extra straight,average,0,999,999,999,999,999,999,999,999,999,999
152,3,D45A1,999,999,999,999,999,999,999,999,0,999,0,61,0,82,0,999,0,47,0,999,0,68,1,32,0,31,0,45,0,70,0,87,0,999,neutral,84,female,999,0,999,0,93,0,68,1,15,0,70,0,77,0,99,0,48,1,77,1,8,-8.58,0,59,white,1,11,0,97,0,999,1,30,0,66,0,2,0,94,1,38,0,32,0,999,3.66,1,81,extra small,6b4c3f,73,846c53,76,c08a6c,999,average,extra low,extra thin,average,far,extra low,extra round,0,none,blond,76,0,average,none,thin,short,heart,average,raised,extra thin,extra small,extra straight,wide,0,999,999,999,999,999,999,999,999,f5f8fd,9
153,4,D45A1,999,999,999,999,999,999,999,999,0,999,0,37,0,999,0,86,0,32,0,96,0,47,0,40,0,97,1,7,0,63,0,82,0,999,neutral,88,female,91,0,999,0,76,0,83,1,53,0,83,0,96,0,88,0,999,1,999,1,2,-8.55,0,41,white,1,50,0,86,0,90,1,64,0,999,0,6,0,999,1,59,0,49,0,70,1.52,1,999,extra small,5a4237,52,5b3620,49,bf8264,999,average,extra low,extra thin,average,extra far,low,extra round,0,none,brown light,49,0,none,none,thin,short,rect,average,average,thin,extra small,extra straight,extra wide,0,999,999,999,999,999,999,999,999,999,999
154,5,D45A1,999,999,999,999,999,999,999,999,0,61,0,61,0,79,0,96,0,85,0,99,0,97,1,19,1,30,1,12,0,999,0,84,0,999,neutral,64,female,40,0,999,0,999,0,66,0,999,0,66,0,75,0,999,0,60,1,56,0,23,-9.26,0,999,white,1,1,0,999,0,999,1,69,0,999,0,50,0,84,0,85,0,56,0,76,0.85,1,63,small,564c47,87,7a623f,54,c29072,999,average,extra low,extra thin,average,extra far,extra low,extra round,0,none,blond,54,0,average,none,thin,short,rect,extra wide,low,average,extra small,extra straight,average,0,999,999,999,999,999,999,999,999,999,999
155,6,D45A1,999,999,999,999,999,999,999,999,0,16,0,53,0,999,0,999,0,77,0,72,0,81,1,57,0,14,0,47,0,90,0,81,0,99,smile,2,female,92,0,999,0,999,0,56,0,83,0,2,0,66,0,999,0,65,1,83,1,13,-9.29,0,93,white,1,3,0,999,0,999,1,84,0,999,0,62,0,83,0,39,0,45,0,74,7.34,1,74,extra small,564d3c,78,fbfae9,29,c79973,999,average,extra low,extra thin,average,far,extra low,extra round,0,none,blond,29,0,short,none,very thin,thick,extra rect,average,average,average,small,extra straight,extra wide,0,999,999,999,999,999,999,999,999,999,999
156,GT,D45A1,999,999,999,999,999,999,999,999,0,999,0,81,1,33,0,999,0,68,0,999,0,81,1,60,0,4,0,39,0,999,0,81,0,999,neutral,999,female,83,0,999,0,999,0,23,0,52,0,88,0,84,0,999,0,77,1,52,1,24,-8.57,0,37,white,0,46,0,93,0,999,1,57,0,67,0,21,0,999,0,6,0,28,0,79,9.28,1,2,extra small,7b6452,75,796040,87,c19175,999,average,extra low,extra thin,average,average,average,extra round,0,none,blond,87,0,short,none,thin,short,extra rect,average,average,extra thin,extra small,extra straight,average,1,999,999,999,999,999,999,999,999,f1f7f9,6
157,1,D46A1,999,999,999,999,999,999,999,999,0,6,0,89,0,59,1,37,0,82,0,30,0,0,0,95,1,3,1,47,1,6,0,36,0,72,neutral,82,male,90,0,999,1,1,0,94,0,81,0,69,1,7,1,5,0,18,1,40,0,97,-9.72,0,999,white,0,77,0,999,0,2,1,25,0,29,0,999,0,999,0,91,0,999,0,16,-7.39,1,24,extra large,2d2318,97,161108,90,9f7e63,999,average,average,extra thin,average,average,high,extra round,0,thick,black,90,1,very short,none,thin,short,extra rect,extra narrow,extra low,average,extra small,extra straight,average,0,4f4336,23,999,999,58462c,63,999,999,2b3813,0
158,2,D46A1,999,999,999,999,999,999,999,999,0,38,0,999,1,63,0,69,0,55,0,61,0,14,0,999,0,70,1,52,1,38,0,94,0,999,neutral,999,male,66,0,999,0,93,0,999,0,94,0,90,0,88,0,82,0,75,1,50,0,44,-10.14,0,68,white,0,999,0,99,0,92,1,50,0,61,0,69,0,90,0,90,0,85,0,34,3.74,1,97,extra small,442b1c,58,211809,96,a76f5b,999,average,low,extra thin,average,far,low,extra round,0,none,brown,96,1,none,none,very thin,thick,average,average,extra low,thin,extra small,extra straight,wide,0,f7f6fe,38,999,999,999,999,999,999,1f2a0d,1
159,3,D46A1,999,999,999,999,999,999,999,999,1,34,0,96,0,78,1,21,0,23,1,4,1,45,0,999,0,85,1,2,1,33,0,70,0,85,neutral,97,male,999,0,999,0,27,0,999,0,99,0,80,1,2,0,19,0,70,0,8,0,74,-9.19,0,49,white,0,67,0,999,0,26,1,77,0,75,0,999,0,999,0,99,0,96,1,7,4.38,1,62,extra small,2e1610,69,1f0f09,97,9d5549,999,extra low,extra high,extra thin,average,average,extra high,extra round,0,none,brown,97,0,none,none,very thin,thick,extra heart,extra narrow,extra raised,extra thick,small,extra straight,extra wide,0,fde9e0,35,999,999,999,999,999,999,1e2414,1
160,4,D46A1,999,999,999,999,999,999,999,999,0,31,0,999,0,95,1,30,0,29,0,21,1,14,0,999,0,95,1,25,1,58,0,80,0,999,neutral,999,male,999,0,999,0,25,0,999,0,98,0,999,0,59,0,14,0,999,1,9,0,65,-10.05,0,38,hispanic,0,81,0,95,0,23,1,45,0,46,0,88,0,999,0,999,0,89,0,0,-2.67,1,81,extra small,612f15,46,452614,98,e58954,999,average,average,extra thin,average,close,average,extra round,0,none,brown,98,0,none,none,thin,very thick,extra heart,average,low,thick,extra small,extra straight,wide,0,9e5f3a,6,4b3223,0,999,999,999,999,2a2710,1
161,5,D46A1,999,999,999,999,999,999,999,999,1,17,0,999,1,91,0,11,0,45,0,18,0,3,0,999,0,89,1,35,1,64,0,90,0,999,neutral,999,male,999,0,999,0,49,0,999,0,97,0,85,0,75,0,40,0,18,1,12,0,35,-10.07,0,46,white,0,999,0,99,0,40,1,40,0,30,0,999,0,71,0,999,0,999,0,6,-3.08,1,88,extra small,2d1913,82,180f0a,95,af735d,999,average,extra low,extra thin,average,average,extra low,round,0,none,black,95,1,none,none,very thin,average,extra heart,average,average,average,extra small,extra straight,wide,0,faebe2,18,999,999,999,999,999,999,283118,1
162,6,D46A1,999,999,999,999,999,999,999,999,1,23,0,999,1,53,0,26,0,35,0,6,1,5,0,94,0,74,1,2,1,59,0,92,0,999,neutral,999,male,999,0,999,0,74,0,999,0,92,0,77,0,999,0,54,0,30,1,12,0,25,-8.63,0,50,white,0,999,0,91,0,64,0,25,1,18,0,92,0,50,0,999,0,85,0,29,-2.44,1,85,extra small,190b07,80,1e1511,87,ba715a,999,average,average,extra thin,average,average,average,extra round,0,thick,black,87,1,very short,none,thin,very thick,extra heart,extra narrow,average,average,extra small,extra straight,extra wide,0,999,999,999,999,794327,74,999,999,343d1f,1
163,7,D46A1,999,999,999,999,999,999,999,999,1,3,0,999,1,52,1,21,0,56,0,4,1,41,0,999,0,86,0,8,1,999,0,63,0,90,neutral,999,male,999,0,999,0,17,0,999,0,89,0,84,0,66,0,6,0,37,1,26,0,88,-10.78,0,42,white,0,999,0,75,0,13,1,5,1,1,0,94,0,57,0,95,0,91,0,4,-3.82,1,67,extra large,341b0f,71,140b06,98,c0774f,999,low,low,extra thin,average,extra close,extra high,extra round,0,none,black,98,1,very short,none,very thin,average,heart,narrow,extra low,average,extra small,extra straight,extra wide,0,7c4e34,11,84704e,0,999,999,999,999,262912,1
164,8,D46A1,999,999,999,999,999,999,999,999,1,5,0,999,1,60,1,30,0,57,0,11,1,50,0,999,0,53,0,21,1,61,0,70,0,999,neutral,999,male,999,0,999,0,6,0,999,0,90,0,79,0,78,0,1,0,30,1,19,0,66,-10.29,0,55,white,0,999,0,84,0,3,0,1,1,0,0,98,0,74,0,96,0,90,0,27,-1.78,1,63,extra small,382a28,73,1b1613,99,a46e63,999,average,extra high,extra thin,low,far,extra high,round,0,thick,black,99,1,very short,none,thin,thick,extra heart,extra narrow,extra low,average,extra small,extra straight,wide,0,fffaf7,46,999,999,61473b,68,999,999,2b3523,1
165,GT,D46A1,999,999,999,999,999,999,999,999,1,28,0,93,0,55,1,2,0,12,1,44,1,999,0,97,0,90,0,999,1,58,0,33,0,56,neutral,87,male,95,0,999,0,43,0,999,0,90,0,68,0,82,0,19,0,77,1,14,0,42,-7.85,0,68,white,0,63,0,98,0,49,1,35,0,60,0,87,0,78,0,88,0,86,1,13,-2.1,1,45,extra small,433734,78,1e1a19,87,a0706a,999,average,extra low,extra thin,average,far,extra low,extra round,0,thick,black,87,0,none,thick,very thin,very thick,average,average,average,extra thin,extra small,extra straight,extra wide,1,999,999,999,999,5a4234,56,45332f,51,3c442f,1
166,IT,D46A1,999,999,999,999,999,999,999,999,1,20,0,999,0,52,0,86,0,32,0,2,1,999,0,98,0,98,0,93,1,97,0,74,0,999,neutral,999,male,77,0,999,0,999,0,999,0,84,0,76,0,78,0,89,0,16,1,11,0,8,-9.18,0,62,white,0,81,0,999,0,999,1,65,0,56,0,75,0,999,0,80,0,95,1,10,3.02,1,999,extra small,5f432d,52,443223,41,c47b6f,999,average,extra low,extra thin,average,average,extra low,extra round,0,none,brown,41,0,very short,none,average,very thick,extra heart,narrow,average,average,extra small,extra straight,wide,0,463c3a,12,999,999,999,999,999,999,384124,1
167,1,D46A2,999,999,999,999,999,999,999,999,0,61,0,999,0,96,0,5,0,78,0,82,1,44,0,999,0,1,0,16,1,2,0,89,0,999,neutral,999,male,95,0,999,0,53,0,999,0,93,0,83,0,46,0,52,0,19,0,7,0,91,-9.73,0,36,white,0,77,0,89,0,53,1,63,0,97,0,78,0,71,0,999,0,999,0,25,6.49,1,60,extra large,200d09,89,150c06,79,a05845,999,average,average,extra thin,average,close,average,extra round,0,none,black,79,0,very short,none,thin,short,heart,extra narrow,extra low,average,extra small,extra straight,average,0,5f3922,9,999,999,999,999,999,999,232b14,0
168,2,D46A2,999,999,999,999,999,999,999,999,1,40,0,999,0,90,1,11,0,66,0,20,1,13,0,94,0,95,1,17,1,93,0,79,0,999,neutral,99,male,95,0,999,0,39,0,999,0,91,0,79,0,97,0,32,0,31,1,35,0,76,-9.61,0,51,white,0,79,0,96,0,32,1,68,0,79,0,93,0,999,0,98,0,999,1,15,4.13,1,76,small,3a251c,81,231206,75,ab6051,999,average,extra low,extra thin,average,average,average,round,0,none,brown,75,0,very short,none,very thin,short,heart,extra narrow,extra low,thin,extra small,extra straight,extra wide,0,6d3d31,21,999,999,999,999,999,999,2b3519,0
169,3,D46A2,999,999,999,999,999,999,999,999,1,14,0,999,0,32,0,89,0,65,0,42,0,38,0,999,0,80,1,70,1,65,0,97,0,999,neutral,999,male,70,0,999,0,999,0,999,0,88,0,69,0,97,0,999,0,42,1,36,0,64,-9.02,0,32,white,0,999,0,88,0,999,1,40,0,25,0,90,0,999,0,83,0,89,0,12,2.2,1,83,small,2d1812,83,291a11,91,b76f61,999,average,average,extra thin,average,average,extra high,extra round,0,thick,brown,91,0,none,none,thin,short,heart,extra narrow,average,thin,extra small,extra straight,extra wide,0,50103,25,999,999,7.64E+39,55,999,999,3c4826,1
170,4,D46A2,999,999,999,999,999,999,999,999,0,31,0,46,0,999,0,96,0,80,0,51,0,26,0,85,0,24,1,16,0,68,0,54,0,66,neutral,999,male,35,0,999,0,999,0,48,0,94,0,61,0,82,0,999,0,999,1,43,0,91,-9.52,0,25,white,1,39,0,77,0,999,1,45,0,86,0,59,0,999,0,85,0,71,0,19,2.41,1,9,extra small,4e2920,82,3a1e11,49,a65a4e,999,low,low,extra thin,low,average,average,extra round,0,none,brown,49,0,none,none,very thin,short,heart,extra narrow,average,thin,extra small,extra straight,extra wide,0,7.94E+40,3,999,999,999,999,999,999,383521,1
171,5,D46A2,999,999,999,999,999,999,999,999,1,31,1,38,0,999,0,49,0,999,0,7,0,999,0,45,0,43,0,45,0,72,0,4,0,17,neutral,999,male,87,0,999,0,77,1,63,0,89,0,87,0,95,0,55,0,66,0,0,0,44,-9.41,0,38,white,1,70,0,97,0,79,1,37,0,999,0,999,0,999,0,999,0,999,1,57,2.26,0,49,large,2b1914,96,dc976e,61,a46359,999,average,average,extra thin,low,extra close,extra high,extra round,0,none,blond,61,1,none,none,very thin,very short,extra heart,extra narrow,extra low,thin,extra small,extra straight,extra wide,0,40221f,17,999,999,999,999,999,999,2a311d,0
172,6,D46A2,999,999,999,999,999,999,999,999,1,14,0,41,0,999,1,8,0,81,0,32,1,7,0,87,0,40,0,33,0,7,0,47,0,71,neutral,999,male,999,0,999,0,35,0,62,0,91,0,78,0,94,0,33,0,29,1,14,0,77,-9.32,0,54,white,1,19,0,999,0,36,1,60,0,999,0,86,0,999,0,999,0,999,1,28,-4.66,1,22,large,452920,86,f0bd9f,69,b87064,999,average,extra low,extra thin,extra low,average,average,round,0,thick,blond,69,1,none,none,very thin,very short,rect,extra narrow,extra low,average,extra small,extra straight,extra wide,0,fdf9f5,36,999,999,785341,63,999,999,313b1f,0
173,7,D46A2,999,999,999,999,999,999,999,999,1,22,0,84,0,999,1,11,0,74,0,19,1,59,0,999,0,17,0,46,0,13,0,49,0,64,neutral,999,male,99,0,999,0,40,0,81,0,90,0,75,0,98,0,27,1,6,0,38,0,88,-9.27,0,22,white,0,41,0,95,0,33,1,70,0,95,0,999,0,96,0,97,0,999,1,26,0.74,1,5,extra small,321f17,95,493521,52,ce8660,999,average,extra high,extra thin,average,average,extra high,round,0,none,blond,52,0,none,thick,thin,average,extra heart,wide,extra raised,extra thin,small,extra straight,wide,0,8f6147,16,999,999,999,999,8b5434,70,242c16,1
174,8,D46A2,999,999,999,999,999,999,999,999,1,37,0,94,0,999,1,35,0,34,0,7,0,38,0,96,0,62,1,68,1,36,0,69,0,93,neutral,999,male,91,0,999,0,6,0,999,0,89,0,72,0,76,0,1,0,38,0,16,0,84,-9.67,0,61,white,0,70,0,999,0,5,1,34,0,48,0,96,0,99,0,91,0,99,0,15,0.15,1,51,extra small,1d100d,89,2c1a10,83,b47063,999,average,low,extra thin,average,far,high,extra round,0,thick,brown,83,0,none,thick,thin,short,heart,extra narrow,raised,thin,small,extra straight,extra wide,0,fef7f1,39,999,999,653c2a,61,6c4337,54,2a311d,0
175,GT,D46A2,999,999,999,999,999,999,999,999,1,48,0,31,0,999,0,50,0,43,1,31,0,16,0,95,0,999,0,19,1,39,0,13,0,29,neutral,999,male,999,0,999,0,88,0,25,0,999,0,87,0,88,0,57,0,99,1,31,0,28,-9.64,0,70,white,1,23,0,999,0,96,1,36,0,93,0,80,0,999,0,999,0,999,1,57,-0.21,1,1,small,422c28,77,3f3024,64,97645d,999,average,average,extra thin,extra low,average,high,extra round,0,thick,brown,64,0,none,none,thin,short,heart,narrow,raised,average,extra small,extra straight,extra wide,0,fff2e7,29,999,999,55433e,56,999,999,999,999
176,IT,D46A2,999,999,999,999,999,999,999,999,1,13,0,62,0,999,0,46,0,71,0,8,0,39,0,999,0,999,1,23,1,60,0,40,0,43,neutral,999,male,999,0,999,0,92,0,33,0,99,0,96,0,97,0,63,0,999,1,13,0,54,-8.06,0,10,white,0,17,0,90,0,94,1,26,0,51,0,94,0,999,0,999,0,999,1,60,12.66,0,2,extra small,5a3120,58,7f4f30,28,b35041,999,average,extra low,extra thin,average,average,high,extra round,0,none,red,28,0,none,none,thin,average,heart,extra narrow,average,extra thin,extra small,extra straight,extra wide,0,1f1716,17,51433a,1,999,999,999,999,373b1f,1